-- config
INSERT INTO swconfig (id, logo) VALUES ('Maninsoft', 'logo_company.gif');

INSERT INTO sworgcompany (id, name, address, domainId, workItemId, creator, createdTime, modifier, modifiedTime)
VALUES ('Maninsoft', 'Maninsoft', NULL, NULL, NULL, NULL, sysdate, NULL, sysdate);

-- dept
INSERT INTO sworgdept (id, companyid, parentid, type, name, description, domainid, workitemid, createdtime, creator, modifier, modifiedtime) VALUES ('root', NULL, NULL, 'BASIC', '조직도', '조직도 루트', NULL, NULL, sysdate, 'admin@maninsoft.co.kr', 'admin@maninsoft.co.kr', sysdate);
INSERT INTO sworgdept (id, companyid, parentid, type, name, description, domainid, workitemid, createdtime, creator, modifier, modifiedtime) VALUES ('Maninsoft', NULL, 'root', 'BASIC', '맨인소프트', '맨인소프트', NULL, NULL, sysdate, 'admin@maninsoft.co.kr', 'admin@maninsoft.co.kr', sysdate);

-- user
INSERT INTO sworguser (id, companyid, deptid, roleid, authid, empno, name, type, pos, email, passwd, lang, stdtime, picture, domainid, workitemid, createdtime, creator, usemail, usesign, lunarBirthday) VALUES ('PROCESS', NULL, NULL, NULL, 'USER', NULL, '시작', 'SYSTEM', '프로세스', NULL, '1', NULL, NULL, NULL, NULL, NULL, sysdate, 'admin@maninsoft.co.kr', '0', '0', '0');
INSERT INTO sworguser (id, companyid, deptid, roleid, authid, empno, name, type, pos, email, passwd, lang, stdtime, picture, domainid, workitemid, createdtime, creator, locale, timeZone, usemail, usesign, lunarBirthday) VALUES ('admin@maninsoft.co.kr', 'Maninsoft', 'Maninsoft', 'DEPT LEADER', 'ADMINISTRATOR', NULL, '관리자', 'SYSTEM', '시스템', NULL, '1', NULL, NULL, NULL, NULL, NULL, sysdate, 'admin@maninsoft.co.kr', 'ko', 'Asia/Seoul', '0', '0' , '0');

-- role
INSERT INTO sworgrole (id, companyid, name, description, domainid, workitemid, createdtime, creator) VALUES ('ADMINISTRATOR', NULL, '시스템 관리자', '시스템 관리자', 'md_cc8ba6fe661b45e0b6dd5a8ffd21b091', NULL, sysdate, 'admin@maninsoft.co.kr');
INSERT INTO sworgrole (id, companyid, name, description, domainid, workitemid, createdtime, creator) VALUES ('USER', NULL, '일반 사용자', '일반 사용자', 'md_cc8ba6fe661b45e0b6dd5a8ffd21b091', NULL, sysdate, 'admin@maninsoft.co.kr');
INSERT INTO sworgrole (id, companyid, name, description, domainid, workitemid, createdtime, creator) VALUES ('OPERATOR', NULL, '운영자', '포털 운영자', 'md_cc8ba6fe661b45e0b6dd5a8ffd21b091', NULL, sysdate, 'admin@maninsoft.co.kr');
INSERT INTO sworgrole (id, companyid, name, description, domainid, workitemid, createdtime, creator) VALUES ('EXTERNALUSER', NULL, '외부사용자', '외부사용자', 'md_cc8ba6fe661b45e0b6dd5a8ffd21b091', NULL, sysdate, 'admin@maninsoft.co.kr');

-- category
INSERT INTO swcategory (id, companyId, parentid, name, description, disporder, creator, createdtime, modifier, modifiedtime) VALUES ('root', 'Maninsoft', NULL, '루트', '카테고리 루트', 0, 'admin@maninsoft.co.kr', sysdate, 'admin@maninsoft.co.kr', sysdate);
INSERT INTO swcategory (id, companyId, parentid, name, description, disporder, creator, createdtime, modifier, modifiedtime) VALUES ('_PKG_ROOT_', 'Maninsoft', 'root', '패키지 루트', '패키지 카테고리 루트', 0, 'admin@maninsoft.co.kr', sysdate, 'admin@maninsoft.co.kr', sysdate);
INSERT INTO swcategory (id, companyId, parentid, name, description, disporder, creator, createdtime, modifier, modifiedtime) VALUES ('_CODE_ROOT_', 'Maninsoft', 'root', '코드 루트', '코드 카테고리 루트', 0, 'admin@maninsoft.co.kr', sysdate, 'admin@maninsoft.co.kr', sysdate);
INSERT INTO swcategory (id, companyId, parentid, name, description, disporder, creator, createdtime, modifier, modifiedtime) VALUES ('1', 'Maninsoft', '_PKG_ROOT_', '테스트', '테스트 카테고리',1, 'admin@maninsoft.co.kr', sysdate, 'admin@maninsoft.co.kr', sysdate);
INSERT INTO swcategory (id, companyId, parentid, name, description, disporder, creator, createdtime, modifier, modifiedtime) VALUES ('SYSTEM_CODE', 'Maninsoft', '_CODE_ROOT_', '시스템 코드 루트', '시스텀 카테고리', 0, 'admin@maninsoft.co.kr', sysdate, 'admin@maninsoft.co.kr', sysdate);
INSERT INTO swcategory (id, companyId, parentid, name, description, disporder, creator, createdtime, modifier, modifiedtime) VALUES ('SYSTEM_STATUS_CODE', 'Maninsoft', 'SYSTEM_CODE', '시스템 상태코드', '시스템 상태 코드', 0, 'admin@maninsoft.co.kr', sysdate, 'admin@maninsoft.co.kr', sysdate);
INSERT INTO swcategory (id, companyId, parentid, name, description, disporder, creator, createdtime, modifier, modifiedtime) VALUES ('PROCESS_STATUS_CODE', 'Maninsoft', 'SYSTEM_STATUS_CODE', '프로세스 상태 코드', '프로세스 상태 코드', 0, 'admin@maninsoft.co.kr', sysdate, 'admin@maninsoft.co.kr', sysdate);
INSERT INTO swcategory (id, companyId, parentid, name, description, disporder, creator, createdtime, modifier, modifiedtime) VALUES ('WORK_STATUS_CODE', 'Maninsoft', 'SYSTEM_STATUS_CODE', '업무 상태 코드', '업무 상태 코드', 0, 'admin@maninsoft.co.kr', sysdate, 'admin@maninsoft.co.kr', sysdate);
INSERT INTO swcategory (id, companyId, parentid, name, description, disporder, creator, createdtime, modifier, modifiedtime) VALUES ('BUSINESS_CODE', 'Maninsoft', 'BUSINESS_CODE', '업무 코드', '업무 코드', 0, 'admin@maninsoft.co.kr', sysdate, 'admin@maninsoft.co.kr', sysdate);
INSERT INTO swcategory (id, companyId, parentid, name, description, disporder, creator, createdtime, modifier, modifiedtime) VALUES ('40288afb1b25f00b011b25f3c7950001', 'Maninsoft', '_PKG_ROOT_', '기본', '기본', 0, 'admin@maninsoft.co.kr', sysdate, 'admin@maninsoft.co.kr', sysdate);
INSERT INTO swcategory (id, companyId, parentid, name, description, disporder, creator, createdtime, modifier, modifiedtime) VALUES ('52fca4b219fef4f50119ffcd871b0000', 'Maninsoft', '_PKG_ROOT_', '[받은업무]', '[받은업무]', 0, 'admin@maninsoft.co.kr', sysdate, 'admin@maninsoft.co.kr', sysdate);

-- package
--INSERT INTO swpackage (id, categoryid, packageid, version, name, type, status, latestdeployedyn, creator, createdtime, modifier, modifiedtime, description) VALUES ('4028809b1bd3a395011bd3aa1d900001', '40288afb1b25f00b011b25f3c7950001', 'pkg_19281471d5c9404392fea653e627da9e', 1, '문서관리', 'SINGLE', 'DEPLOYED', 'Y', 'admin@maninsoft.co.kr', sysdate, 'admin@maninsoft.co.kr', sysdate, '문서관리');
INSERT INTO swpackage (id, categoryid, packageid, version, name, type, status, latestdeployedyn, creator, createdtime, modifier, modifiedtime, description) VALUES ('4028809b1bd3a395011bd3afbd540002', '40288afb1b25f00b011b25f3c7950001', 'pkg_af2c5abbdc694feab78b2706c31f3bde', 1, '게시판', 'SINGLE', 'DEPLOYED', 'Y', 'admin@maninsoft.co.kr', sysdate, 'admin@maninsoft.co.kr', sysdate, '게시판');
--INSERT INTO swpackage (id, categoryid, packageid, version, name, type, status, latestdeployedyn, creator, createdtime, modifier, modifiedtime, description) VALUES ('40288afb1b25f00b011b25f3fda50002', '40288afb1b25f00b011b25f3c7950001', 'pkg_24245093482e404fae15a7b48a55f854', 1, '일정관리', 'SINGLE', 'DEPLOYED', 'Y', 'admin@maninsoft.co.kr', sysdate, 'admin@maninsoft.co.kr', sysdate, '일정관리');
INSERT INTO swpackage (id, categoryid, packageid, version, name, type, status, latestdeployedyn, creator, createdtime, modifier, modifiedtime, description) VALUES ('40288afb1b27e637011b27e901590001', '40288afb1b25f00b011b25f3c7950001', 'pkg_fbbd1761c3f144d49337dc38119caa28', 1, '회사관리', 'SINGLE', 'DEPLOYED', 'Y', 'admin@maninsoft.co.kr', sysdate, 'admin@maninsoft.co.kr', sysdate, '회사관리');
INSERT INTO swpackage (id, categoryid, packageid, version, name, type, status, latestdeployedyn, creator, createdtime, modifier, modifiedtime, description) VALUES ('40288afb1b280665011b281059a50003', '40288afb1b25f00b011b25f3c7950001', 'pkg_c2156de59c14435bb551c61c1593a442', 1, '부서관리', 'SINGLE', 'DEPLOYED', 'Y', 'admin@maninsoft.co.kr', sysdate, 'admin@maninsoft.co.kr', sysdate, '부서관리');
INSERT INTO swpackage (id, categoryid, packageid, version, name, type, status, latestdeployedyn, creator, createdtime, modifier, modifiedtime, description) VALUES ('40288afb1b280665011b282f62bd000c', '40288afb1b25f00b011b25f3c7950001', 'pkg_dde3f719c50143cd821e6c46e8df8655', 1, '연락처관리', 'SINGLE', 'DEPLOYED', 'Y', 'admin@maninsoft.co.kr', sysdate, 'admin@maninsoft.co.kr', sysdate, '연락처관리');
INSERT INTO swpackage (id, categoryid, packageid, version, name, type, status, latestdeployedyn, creator, createdtime, modifier, modifiedtime, description) VALUES ('40288afb1b280665011b28192c200006', '40288afb1b25f00b011b25f3c7950001', 'pkg_df40ac03a33c41d59586e4b201b433fd', 1, '역할관리', 'SINGLE', 'DEPLOYED', 'Y', 'admin@maninsoft.co.kr', sysdate, 'admin@maninsoft.co.kr', sysdate, '역할관리');
INSERT INTO swpackage (id, categoryid, packageid, version, name, type, status, latestdeployedyn, creator, createdtime, modifier, modifiedtime, description) VALUES ('ff8080811b3037ba011b30408d330001', '40288afb1b25f00b011b25f3c7950001', 'pkg_394ea78cec37434d922c73f09ab4b24e', 1, '사용자관리', 'SINGLE', 'DEPLOYED', 'Y', 'admin@maninsoft.co.kr', sysdate, 'admin@maninsoft.co.kr', sysdate, '사용자관리');

-- 새로추가 
INSERT INTO swpackage (id, categoryid, packageid, version, name, type, status, latestdeployedyn, creator, createdtime, modifier, modifiedtime, description) VALUES ('5e6caf381e8b82a9011eaa998886011d', '40288afb1b25f00b011b25f3c7950001', 'pkg_d391d4cd01864b2cada59ab5a9b12cd5', 1, '메모', 'SINGLE', 'DEPLOYED', 'Y', 'admin@maninsoft.co.kr', sysdate, 'admin@maninsoft.co.kr', sysdate, '자유롭게 메모를 작성하여 관리할 수 있는 업무입니다.');
--INSERT INTO swpackage (id, categoryid, packageid, version, name, type, status, latestdeployedyn, creator, createdtime, modifier, modifiedtime, description) VALUES ('5e6caf381eaa9f66011eaa9f9c2a0002', '40288afb1b25f00b011b25f3c7950001', 'pkg_8cecfe640f2c414483d23fb3b599e783', 1, '업무전달', 'SINGLE', 'DEPLOYED', 'Y', 'admin@maninsoft.co.kr', sysdate, 'admin@maninsoft.co.kr', sysdate, '');
INSERT INTO swpackage (id, categoryid, packageid, version, name, type, status, latestdeployedyn, creator, createdtime, modifier, modifiedtime, description) VALUES ('5e6caf3822c510890122c59199010037', '40288afb1b25f00b011b25f3c7950001', 'pkg_309666dd2bb5493c9d7e618b3a0aad96', 1, '자료실', 'SINGLE', 'DEPLOYED', 'Y', 'admin@maninsoft.co.kr', sysdate, 'admin@maninsoft.co.kr', sysdate, '회사 공통으로 사용하여 각종자료들을 등록 관리하는 정보관리업무입니다');
--INSERT INTO swpackage (id, categoryid, packageid, version, name, type, status, latestdeployedyn, creator, createdtime, modifier, modifiedtime, description) VALUES ('5e6caf38206a62c601207f57f42e0104', '40288afb1b25f00b011b25f3c7950001', 'pkg_2e50009cdcdc4b9dad40468fa48ba0c5', 1, '업무보고', 'SINGLE', 'DEPLOYED', 'Y', 'admin@maninsoft.co.kr', sysdate, 'admin@maninsoft.co.kr', sysdate, '');
INSERT INTO swpackage (id, categoryId, packageId, version, name, type, status, latestDeployedYn, creator, createdTime, modifier, modifiedTime, description) values ('5e6caf381f26b928011f37cbba6c04c9', '40288afb1b25f00b011b25f3c7950001', 'pkg_cf3b0087995f4f99a41c93e2fe95b22d', 1, '일반기안', 'PROCESS', 'DEPLOYED', 'Y', 'admin@maninsoft.co.kr', sysdate, 'admin@maninsoft.co.kr', sysdate, '근태를위한 기안서품의에서 승인자, 검토자 및 대표이사 승인의 결재업무를 통해서 근태이력을 남기고 개인별 근태현황을 작성 및 관리하는 프로세스업무입니다.');

-- 3.0 추가
INSERT INTO swpackage (id, categoryid, packageid, version, name, type, status, latestdeployedyn, creator, createdtime, modifier, modifiedtime, description) VALUES ('402880ec34e3d85d0134e3eb5768000b', '40288afb1b25f00b011b25f3c7950001', 'pkg_c08a02b36192489fbc13fdb6bed6f5fc', 1, '일정', 'SINGLE', 'DEPLOYED', 'Y', 'admin@maninsoft.co.kr', sysdate, 'admin@maninsoft.co.kr', sysdate, '일정');
INSERT INTO swpackage (id, categoryid, packageid, version, name, type, status, latestdeployedyn, creator, createdtime, modifier, modifiedtime, description) VALUES ('402880ec34e3d85d0134e3e13e9a0004', '40288afb1b25f00b011b25f3c7950001', 'pkg_62eeb90b11e1466b86d2d7c4dadf63ca', 1, '공지사항', 'SINGLE', 'DEPLOYED', 'Y', 'admin@maninsoft.co.kr', sysdate, 'admin@maninsoft.co.kr', sysdate, '공지사항');

-- domain
INSERT INTO swdomain (id, companyId, formid, formversion, formname, tblowner, tblname, keycolumn, titlefieldid, masterid, masterfieldid, systemdomainyn, publishmode) VALUES ('frm_company_SYSTEM','Maninsoft', 'frm_company_SYSTEM', 1, '회사관리', '', 'SWOrgCompany', 'id', '4', NULL, NULL, 'Y', 'PUB_ALL');
INSERT INTO swdomain (id, companyId, formid, formversion, formname, tblowner, tblname, keycolumn, titlefieldid, masterid, masterfieldid, systemdomainyn, publishmode) VALUES ('frm_dept_SYSTEM','Maninsoft', 'frm_dept_SYSTEM', 1, '부서관리', '', 'SWOrgDept', 'id', '10', NULL, NULL, 'Y', 'PUB_ALL');
INSERT INTO swdomain (id, companyId, formid, formversion, formname, tblowner, tblname, keycolumn, titlefieldid, masterid, masterfieldid, systemdomainyn, publishmode) VALUES ('frm_role_SYSTEM','Maninsoft', 'frm_role_SYSTEM', 1, '역할관리', '', 'SWOrgRole', 'id', '4', NULL, NULL, 'Y', 'PUB_ALL');
INSERT INTO swdomain (id, companyId, formid, formversion, formname, tblowner, tblname, keycolumn, titlefieldid, masterid, masterfieldid, systemdomainyn, publishmode) VALUES ('frm_user_SYSTEM','Maninsoft', 'frm_user_SYSTEM', 1, '사용자관리', '', 'SWOrgUser', 'id', '4', NULL, NULL, 'Y', 'PUB_ALL');
--INSERT INTO swdomain (id, companyId, formid, formversion, formname, tblowner, tblname, keycolumn, titlefieldid, masterid, masterfieldid, systemdomainyn, publishmode) VALUES ('frm_schedule_SYSTEM','Maninsoft', 'frm_schedule_SYSTEM', 1, '일정관리', '', 'SWSchedule', 'id', '2', NULL, NULL, 'Y', 'PUB_ALL');
INSERT INTO swdomain (id, companyId, formid, formversion, formname, tblowner, tblname, keycolumn, titlefieldid, masterid, masterfieldid, systemdomainyn, publishmode) VALUES ('frm_board_SYSTEM','Maninsoft', 'frm_board_SYSTEM', 1, '게시판', '', 'SWBoard', 'id', '2', NULL, NULL, 'N', 'PUB_ALL');
INSERT INTO swdomain (id, companyId, formid, formversion, formname, tblowner, tblname, keycolumn, titlefieldid, masterid, masterfieldid, systemdomainyn, publishmode) VALUES ('frm_contact_SYSTEM','Maninsoft', 'frm_contact_SYSTEM', 1, '연락처관리', '', 'SWOrgContact', 'id', '2', NULL, NULL, 'N', 'PUB_ALL');
--INSERT INTO swdomain (id, companyId, formid, formversion, formname, tblowner, tblname, keycolumn, titlefieldid, masterid, masterfieldid, systemdomainyn, publishmode) VALUES ('frm_document_SYSTEM','Maninsoft', 'frm_document_SYSTEM', 1, '문서관리', '', 'SWDocument', 'id', '5', NULL, NULL, 'Y', 'PUB_ALL');

-- 새로추가
INSERT INTO swdomain (id, companyId, formid, formversion, formname, tblowner, tblname, keycolumn, titlefieldid, masterid, masterfieldid, systemdomainyn, publishmode) VALUES ('frm_memo_SYSTEM','Maninsoft', 'frm_memo_SYSTEM', 1, '메모', '', 'SWMemo', 'id', '12', NULL, NULL, 'N', 'PUB_ALL');
--INSERT INTO swdomain (id, companyId, formid, formversion, formname, tblowner, tblname, keycolumn, titlefieldid, masterid, masterfieldid, systemdomainyn, publishmode) VALUES ('md_f41a63ac9383455288c9cf94ace3014f','Maninsoft', 'frm_61d962811d6244d180d409a9e88e3b3f', 1, '업무전달', '', 'dt_1287553898892', 'id', '4', NULL, NULL, 'Y', 'PUB_ALL');
INSERT INTO swdomain (id, companyId, formid, formversion, formname, tblowner, tblname, keycolumn, titlefieldid, masterid, masterfieldid, systemdomainyn, publishmode) VALUES ('frm_attachment_SYSTEM','Maninsoft', 'frm_attachment_SYSTEM', 1, '자료실', '', 'SWAttachment', 'id', '0', NULL, NULL, 'N', 'PUB_ALL');
--INSERT INTO swdomain (id, companyId, formid, formversion, formname, tblowner, tblname, keycolumn, titlefieldid, masterid, masterfieldid, systemdomainyn, publishmode) VALUES ('md_0ea261f8b455402a9f794d967c0aa3ea','Maninsoft', 'frm_c466f747a4bc413ea33acfbb40e72525', 1, '업무보고', '', 'dt_1287553898894', 'id', '0', NULL, NULL, 'Y', 'PUB_ALL');

-- 3.0 추가
INSERT INTO swdomain (id, companyId, formid, formversion, formname, tblowner, tblname, keycolumn, titlefieldid, masterid, masterfieldid, systemdomainyn, publishmode) VALUES ('frm_event_SYSTEM','Maninsoft', 'frm_event_SYSTEM', 1, '일정', '', 'SWEvent', 'id', '0', NULL, NULL, 'Y', 'PUB_ALL');
INSERT INTO swdomain (id, companyId, formid, formversion, formname, tblowner, tblname, keycolumn, titlefieldid, masterid, masterfieldid, systemdomainyn, publishmode) VALUES ('frm_notice_SYSTEM','Maninsoft', 'frm_notice_SYSTEM', 1, '공지사항', '', 'SWNotice', 'id', '0', NULL, NULL, 'Y', 'PUB_ALL');

-- domain field
INSERT INTO swdomainfield (id, domainid, formfieldid, formfieldpath, formfieldname, formfieldtype, tablecolname, reftblname, arrayyn, systemfieldyn, uniqueyn, disporder, tablewidth) VALUES ('company_id', 'frm_company_SYSTEM', '2', NULL, '아이디', 'string', 'id', NULL, 'N', 'Y', NULL, 2, 0);
INSERT INTO swdomainfield (id, domainid, formfieldid, formfieldpath, formfieldname, formfieldtype, tablecolname, reftblname, arrayyn, systemfieldyn, uniqueyn, disporder, tablewidth) VALUES ('company_name', 'frm_company_SYSTEM', '4', NULL, '이름', 'string', 'name', NULL, 'N', 'Y', NULL, 1, 0);
INSERT INTO swdomainfield (id, domainid, formfieldid, formfieldpath, formfieldname, formfieldtype, tablecolname, reftblname, arrayyn, systemfieldyn, uniqueyn, disporder, tablewidth) VALUES ('company_address', 'frm_company_SYSTEM', '6', NULL, '주소', 'string', 'address', NULL, 'N', 'Y', NULL, -1, 0);

INSERT INTO swdomainfield (id, domainid, formfieldid, formfieldpath, formfieldname, formfieldtype, tablecolname, reftblname, arrayyn, systemfieldyn, uniqueyn, disporder, tablewidth) VALUES ('dept_id', 'frm_dept_SYSTEM', '2', NULL, '아이디', 'string', 'id', NULL, 'N', 'Y', NULL, -1, 30);
INSERT INTO swdomainfield (id, domainid, formfieldid, formfieldpath, formfieldname, formfieldtype, tablecolname, reftblname, arrayyn, systemfieldyn, uniqueyn, disporder, tablewidth) VALUES ('dept_companyid', 'frm_dept_SYSTEM', '4', 'frm_company_SYSTEM.4', '회사', 'string', 'companyid', NULL, 'N', 'Y', NULL, 2, 0);
INSERT INTO swdomainfield (id, domainid, formfieldid, formfieldpath, formfieldname, formfieldtype, tablecolname, reftblname, arrayyn, systemfieldyn, uniqueyn, disporder, tablewidth) VALUES ('dept_parentid', 'frm_dept_SYSTEM', '6', NULL, '상위부서', 'string', 'parentid', NULL, 'N', 'Y', NULL, -1, 0);
INSERT INTO swdomainfield (id, domainid, formfieldid, formfieldpath, formfieldname, formfieldtype, tablecolname, reftblname, arrayyn, systemfieldyn, uniqueyn, disporder, tablewidth) VALUES ('dept_type', 'frm_dept_SYSTEM', '8', NULL, '부서유형', 'string', 'type', NULL, 'N', 'Y', NULL, -1, 0);
INSERT INTO swdomainfield (id, domainid, formfieldid, formfieldpath, formfieldname, formfieldtype, tablecolname, reftblname, arrayyn, systemfieldyn, uniqueyn, disporder, tablewidth) VALUES ('dept_name', 'frm_dept_SYSTEM', '10', NULL, '부서이름', 'string', 'name', NULL, 'N', 'Y', NULL, 1, 0);
INSERT INTO swdomainfield (id, domainid, formfieldid, formfieldpath, formfieldname, formfieldtype, tablecolname, reftblname, arrayyn, systemfieldyn, uniqueyn, disporder, tablewidth) VALUES ('dept_description', 'frm_dept_SYSTEM', '12', NULL, '설명', 'string', 'description', NULL, 'N', 'Y', NULL, -1, 0);

INSERT INTO swdomainfield (id, domainid, formfieldid, formfieldpath, formfieldname, formfieldtype, tablecolname, reftblname, arrayyn, systemfieldyn, uniqueyn, disporder, tablewidth) VALUES ('role_id', 'frm_role_SYSTEM', '2', NULL, '아이디', 'string', 'id', NULL, 'N', 'Y', NULL, 1, 30);
INSERT INTO swdomainfield (id, domainid, formfieldid, formfieldpath, formfieldname, formfieldtype, tablecolname, reftblname, arrayyn, systemfieldyn, uniqueyn, disporder, tablewidth) VALUES ('role_name', 'frm_role_SYSTEM', '4', NULL, '이름', 'string', 'name', NULL, 'N', 'Y', NULL, 2, 30);
INSERT INTO swdomainfield (id, domainid, formfieldid, formfieldpath, formfieldname, formfieldtype, tablecolname, reftblname, arrayyn, systemfieldyn, uniqueyn, disporder, tablewidth) VALUES ('role_companyid', 'frm_role_SYSTEM', '6', 'frm_company_SYSTEM.4', '회사', 'string', 'companyid', NULL, 'N', 'Y', NULL, 3, 0);
INSERT INTO swdomainfield (id, domainid, formfieldid, formfieldpath, formfieldname, formfieldtype, tablecolname, reftblname, arrayyn, systemfieldyn, uniqueyn, disporder, tablewidth) VALUES ('role_description', 'frm_role_SYSTEM', '8', NULL, '설명', 'string', 'description', NULL, 'N', 'Y', NULL, -1, 0);

INSERT INTO swdomainfield (id, domainid, formfieldid, formfieldpath, formfieldname, formfieldtype, tablecolname, reftblname, arrayyn, systemfieldyn, uniqueyn, disporder, tablewidth) VALUES ('user_id', 'frm_user_SYSTEM', '2', NULL, '아이디', 'string', 'id', NULL, 'N', 'Y', NULL, 8, 0);
INSERT INTO swdomainfield (id, domainid, formfieldid, formfieldpath, formfieldname, formfieldtype, tablecolname, reftblname, arrayyn, systemfieldyn, uniqueyn, disporder, tablewidth) VALUES ('user_name', 'frm_user_SYSTEM', '4', NULL, '이름', 'string', 'name', NULL, 'N', 'Y', NULL, 2, 0);
INSERT INTO swdomainfield (id, domainid, formfieldid, formfieldpath, formfieldname, formfieldtype, tablecolname, reftblname, arrayyn, systemfieldyn, uniqueyn, disporder, tablewidth) VALUES ('user_companyid', 'frm_user_SYSTEM', '6', 'frm_company_SYSTEM.4', '회사', 'string', 'companyid', NULL, 'N', 'Y', NULL, -1, 0);
INSERT INTO swdomainfield (id, domainid, formfieldid, formfieldpath, formfieldname, formfieldtype, tablecolname, reftblname, arrayyn, systemfieldyn, uniqueyn, disporder, tablewidth) VALUES ('user_deptid', 'frm_user_SYSTEM', '8', 'frm_dept_SYSTEM.10', '부서', 'string', 'deptid', NULL, 'N', 'Y', NULL, -1, 0);
INSERT INTO swdomainfield (id, domainid, formfieldid, formfieldpath, formfieldname, formfieldtype, tablecolname, reftblname, arrayyn, systemfieldyn, uniqueyn, disporder, tablewidth) VALUES ('user_roleid', 'frm_user_SYSTEM', '10', NULL, '역할', 'string', 'roleid', NULL, 'N', 'Y', NULL, -1, 0);
INSERT INTO swdomainfield (id, domainid, formfieldid, formfieldpath, formfieldname, formfieldtype, tablecolname, reftblname, arrayyn, systemfieldyn, uniqueyn, disporder, tablewidth) VALUES ('user_empno', 'frm_user_SYSTEM', '12', NULL, '직원번호', 'string', 'empno', NULL, 'N', 'Y', NULL, 11, 0);
INSERT INTO swdomainfield (id, domainid, formfieldid, formfieldpath, formfieldname, formfieldtype, tablecolname, reftblname, arrayyn, systemfieldyn, uniqueyn, disporder, tablewidth) VALUES ('user_type', 'frm_user_SYSTEM', '14', NULL, '유형', 'string', 'type', NULL, 'N', 'Y', NULL, -1, 0);
INSERT INTO swdomainfield (id, domainid, formfieldid, formfieldpath, formfieldname, formfieldtype, tablecolname, reftblname, arrayyn, systemfieldyn, uniqueyn, disporder, tablewidth) VALUES ('user_pos', 'frm_user_SYSTEM', '16', NULL, '직책', 'string', 'pos', NULL, 'N', 'Y', NULL, 12, 0);
INSERT INTO swdomainfield (id, domainid, formfieldid, formfieldpath, formfieldname, formfieldtype, tablecolname, reftblname, arrayyn, systemfieldyn, uniqueyn, disporder, tablewidth) VALUES ('user_lang', 'frm_user_SYSTEM', '18', NULL, '언어', 'string', 'lang', NULL, 'N', 'Y', NULL, -1, 0);
INSERT INTO swdomainfield (id, domainid, formfieldid, formfieldpath, formfieldname, formfieldtype, tablecolname, reftblname, arrayyn, systemfieldyn, uniqueyn, disporder, tablewidth) VALUES ('user_stdtime', 'frm_user_SYSTEM', '20', NULL, '표준시간대', 'string', 'stdtime', NULL, 'N', 'Y', NULL, -1, 0);
INSERT INTO swdomainfield (id, domainid, formfieldid, formfieldpath, formfieldname, formfieldtype, tablecolname, reftblname, arrayyn, systemfieldyn, uniqueyn, disporder, tablewidth) VALUES ('user_email', 'frm_user_SYSTEM', '22', NULL, '이메일', 'string', 'email', NULL, 'N', 'Y', NULL, -1, 0);
INSERT INTO swdomainfield (id, domainid, formfieldid, formfieldpath, formfieldname, formfieldtype, tablecolname, reftblname, arrayyn, systemfieldyn, uniqueyn, disporder, tablewidth) VALUES ('user_passwd', 'frm_user_SYSTEM', '24', NULL, '비밀번호', 'string', 'passwd', NULL, 'N', 'Y', NULL, -1, 0);
INSERT INTO swdomainfield (id, domainid, formfieldid, formfieldpath, formfieldname, formfieldtype, tablecolname, reftblname, arrayyn, systemfieldyn, uniqueyn, disporder, tablewidth) VALUES ('user_authid', 'frm_user_SYSTEM', '38', NULL, '권한', 'string', 'authid', NULL, 'N', 'Y', NULL, -1, 0);

INSERT INTO swdomainfield (id, domainid, formfieldid, formfieldpath, formfieldname, formfieldtype, tablecolname, reftblname, arrayyn, systemfieldyn, uniqueyn, disporder, tablewidth) VALUES ('board_title', 'frm_board_SYSTEM', '2', NULL, '제목', 'string', 'title', NULL, 'N', 'Y', NULL, 1, 0);
INSERT INTO swdomainfield (id, domainid, formfieldid, formfieldpath, formfieldname, formfieldtype, tablecolname, reftblname, arrayyn, systemfieldyn, uniqueyn, disporder, tablewidth) VALUES ('board_priority', 'frm_board_SYSTEM', '4', NULL, '중요도', 'string', 'priority', NULL, 'N', 'Y', NULL, 2, 0);
INSERT INTO swdomainfield (id, domainid, formfieldid, formfieldpath, formfieldname, formfieldtype, tablecolname, reftblname, arrayyn, systemfieldyn, uniqueyn, disporder, tablewidth) VALUES ('board_content', 'frm_board_SYSTEM', '6', NULL, '내용', 'text', 'content', NULL, 'N', 'Y', NULL, -1, 0);
INSERT INTO swdomainfield (id, domainid, formfieldid, formfieldpath, formfieldname, formfieldtype, tablecolname, reftblname, arrayyn, systemfieldyn, uniqueyn, disporder, tablewidth) VALUES ('board_filegroupid', 'frm_board_SYSTEM', '14', NULL, '첨부파일', 'string', 'filegroupid', NULL, 'N', 'Y', NULL, -1, 0);
INSERT INTO swdomainfield (id, domainid, formfieldid, formfieldpath, formfieldname, formfieldtype, tablecolname, reftblname, arrayyn, systemfieldyn, uniqueyn, disporder, tablewidth) VALUES ('board_notice', 'frm_board_SYSTEM', '18', NULL, '전체공지', 'boolean', 'notice', NULL, 'N', 'N', NULL, -1, 0);

INSERT INTO swdomainfield (id, domainid, formfieldid, formfieldpath, formfieldname, formfieldtype, tablecolname, reftblname, arrayyn, systemfieldyn, uniqueyn, disporder, tablewidth) VALUES ('contact_name', 'frm_contact_SYSTEM', '2', NULL, '이름', 'string', 'name', NULL, 'N', 'Y', NULL, 1, 0);
INSERT INTO swdomainfield (id, domainid, formfieldid, formfieldpath, formfieldname, formfieldtype, tablecolname, reftblname, arrayyn, systemfieldyn, uniqueyn, disporder, tablewidth) VALUES ('contact_companyid', 'frm_contact_SYSTEM', '4', NULL, '회사', 'string', 'companyid', NULL, 'N', 'Y', NULL, 2, 0);
INSERT INTO swdomainfield (id, domainid, formfieldid, formfieldpath, formfieldname, formfieldtype, tablecolname, reftblname, arrayyn, systemfieldyn, uniqueyn, disporder, tablewidth) VALUES ('contact_deptid', 'frm_contact_SYSTEM', '6', NULL, '부서', 'string', 'deptid', NULL, 'N', 'Y', NULL, 5, 0);
INSERT INTO swdomainfield (id, domainid, formfieldid, formfieldpath, formfieldname, formfieldtype, tablecolname, reftblname, arrayyn, systemfieldyn, uniqueyn, disporder, tablewidth) VALUES ('contact_pos', 'frm_contact_SYSTEM', '8', NULL, '직책', 'string', 'pos', NULL, 'N', 'Y', NULL, 6, 0);
INSERT INTO swdomainfield (id, domainid, formfieldid, formfieldpath, formfieldname, formfieldtype, tablecolname, reftblname, arrayyn, systemfieldyn, uniqueyn, disporder, tablewidth) VALUES ('contact_email', 'frm_contact_SYSTEM', '10', NULL, '이메일', 'string', 'email', NULL, 'N', 'Y', NULL, -1, 0);
INSERT INTO swdomainfield (id, domainid, formfieldid, formfieldpath, formfieldname, formfieldtype, tablecolname, reftblname, arrayyn, systemfieldyn, uniqueyn, disporder, tablewidth) VALUES ('contact_telephone', 'frm_contact_SYSTEM', '12', NULL, '핸드폰', 'string', 'telephone', NULL, 'N', 'Y', NULL, -1, 0);
INSERT INTO swdomainfield (id, domainid, formfieldid, formfieldpath, formfieldname, formfieldtype, tablecolname, reftblname, arrayyn, systemfieldyn, uniqueyn, disporder, tablewidth) VALUES ('contact_compphone', 'frm_contact_SYSTEM', '24', NULL, '전화', 'string', 'swcompphone', NULL, 'N', 'Y', NULL, -1, 0);
INSERT INTO swdomainfield (id, domainid, formfieldid, formfieldpath, formfieldname, formfieldtype, tablecolname, reftblname, arrayyn, systemfieldyn, uniqueyn, disporder, tablewidth) VALUES ('contact_fax', 'frm_contact_SYSTEM', '28', NULL, '팩스', 'string', 'swfax', NULL, 'N', 'Y', NULL, -1, 0);
INSERT INTO swdomainfield (id, domainid, formfieldid, formfieldpath, formfieldname, formfieldtype, tablecolname, reftblname, arrayyn, systemfieldyn, uniqueyn, disporder, tablewidth) VALUES ('contact_address', 'frm_contact_SYSTEM', '40', NULL, '주소', 'string', 'swaddress', NULL, 'N', 'Y', NULL, -1, 0);
INSERT INTO swdomainfield (id, domainid, formfieldid, formfieldpath, formfieldname, formfieldtype, tablecolname, reftblname, arrayyn, systemfieldyn, uniqueyn, disporder, tablewidth) VALUES ('contact_country', 'frm_contact_SYSTEM', '44', NULL, '국가', 'string', 'swcountry', NULL, 'N', 'Y', NULL, -1, 0);
INSERT INTO swdomainfield (id, domainid, formfieldid, formfieldpath, formfieldname, formfieldtype, tablecolname, reftblname, arrayyn, systemfieldyn, uniqueyn, disporder, tablewidth) VALUES ('contact_cat', 'frm_contact_SYSTEM', '48', NULL, '범주', 'string', 'swcat', NULL, 'N', 'Y', NULL, -1, 0);
INSERT INTO swdomainfield (id, domainid, formfieldid, formfieldpath, formfieldname, formfieldtype, tablecolname, reftblname, arrayyn, systemfieldyn, uniqueyn, disporder, tablewidth) VALUES ('contact_desc', 'frm_contact_SYSTEM', '52', NULL, '설명', 'string', 'swdesc', NULL, 'N', 'Y', NULL, -1, 0);
INSERT INTO swdomainfield (id, domainid, formfieldid, formfieldpath, formfieldname, formfieldtype, tablecolname, reftblname, arrayyn, systemfieldyn, uniqueyn, disporder, tablewidth) VALUES ('contact_attach', 'frm_contact_SYSTEM', '56', NULL, '첨부', 'string', 'swattach', NULL, 'N', 'Y', NULL, -1, 0);

--새로추가
INSERT INTO swdomainfield (id, domainid, formfieldid, formfieldpath, formfieldname, formfieldtype, tablecolname, reftblname, arrayyn, systemfieldyn, uniqueyn, disporder, tablewidth) VALUES ('memo_title', 'frm_memo_SYSTEM', '12', NULL, '제목', 'string', 'title', NULL, 'N', 'Y', NULL, 1, 0);
INSERT INTO swdomainfield (id, domainid, formfieldid, formfieldpath, formfieldname, formfieldtype, tablecolname, reftblname, arrayyn, systemfieldyn, uniqueyn, disporder, tablewidth) VALUES ('memo_content', 'frm_memo_SYSTEM', '4', NULL, '내용', 'text', 'content', NULL, 'N', 'Y', NULL, -1, 0);

INSERT INTO swdomainfield (id, domainid, formfieldid, formfieldpath, formfieldname, formfieldtype, tablecolname, reftblname, arrayyn, systemfieldyn, uniqueyn, disporder, tablewidth) VALUES ('attachment_owneruser', 'frm_attachment_SYSTEM', '3', NULL, '관리담당자', 'string', 'owneruser', NULL, 'N', 'Y', NULL, 1, 0);
INSERT INTO swdomainfield (id, domainid, formfieldid, formfieldpath, formfieldname, formfieldtype, tablecolname, reftblname, arrayyn, systemfieldyn, uniqueyn, disporder, tablewidth) VALUES ('attachment_ownerdept', 'frm_attachment_SYSTEM', '2', 'frm_dept_SYSTEM.10', '관리부서', 'string', 'ownerdept', NULL, 'N', 'Y', NULL, 3, 0);
INSERT INTO swdomainfield (id, domainid, formfieldid, formfieldpath, formfieldname, formfieldtype, tablecolname, reftblname, arrayyn, systemfieldyn, uniqueyn, disporder, tablewidth) VALUES ('attachment_content', 'frm_attachment_SYSTEM', '4', NULL, '내용', 'text', 'content', NULL, 'N', 'Y', NULL, 4, 0);
INSERT INTO swdomainfield (id, domainid, formfieldid, formfieldpath, formfieldname, formfieldtype, tablecolname, reftblname, arrayyn, systemfieldyn, uniqueyn, disporder, tablewidth) VALUES ('attachment_searchword', 'frm_attachment_SYSTEM', '1', NULL, '검색어', 'string', 'searchword', NULL, 'N', 'Y', NULL, 6, 0);
INSERT INTO swdomainfield (id, domainid, formfieldid, formfieldpath, formfieldname, formfieldtype, tablecolname, reftblname, arrayyn, systemfieldyn, uniqueyn, disporder, tablewidth) VALUES ('attachment_title', 'frm_attachment_SYSTEM', '0', NULL, '제목', 'string', 'title', NULL, 'N', 'Y', NULL, 4, 0);
INSERT INTO swdomainfield (id, domainid, formfieldid, formfieldpath, formfieldname, formfieldtype, tablecolname, reftblname, arrayyn, systemfieldyn, uniqueyn, disporder, tablewidth) VALUES ('attachment_filegroupId', 'frm_attachment_SYSTEM', '5', NULL, '첨부파일', 'string', 'filegroupid', NULL, 'N', 'Y', NULL, 2, 0);

-- 3.0 추가
INSERT INTO swdomainfield (id, domainid, formfieldid, formfieldpath, formfieldname, formfieldtype, tablecolname, reftblname, arrayyn, systemfieldyn, uniqueyn, disporder, tablewidth) VALUES ('event_content', 'frm_event_SYSTEM', '6', NULL, '일정내용', 'text', 'content', NULL, 'N', 'Y', NULL, 6, 0);
INSERT INTO swdomainfield (id, domainid, formfieldid, formfieldpath, formfieldname, formfieldtype, tablecolname, reftblname, arrayyn, systemfieldyn, uniqueyn, disporder, tablewidth) VALUES ('event_name', 'frm_event_SYSTEM', '0', NULL, '일정이름', 'string', 'name', NULL, 'N', 'Y', NULL, 1, 0);
INSERT INTO swdomainfield (id, domainid, formfieldid, formfieldpath, formfieldname, formfieldtype, tablecolname, reftblname, arrayyn, systemfieldyn, uniqueyn, disporder, tablewidth) VALUES ('event_start', 'frm_event_SYSTEM', '1', NULL, '시작일자', 'datetime', 'startdate', NULL, 'N', 'Y', NULL, 2, 0);
INSERT INTO swdomainfield (id, domainid, formfieldid, formfieldpath, formfieldname, formfieldtype, tablecolname, reftblname, arrayyn, systemfieldyn, uniqueyn, disporder, tablewidth) VALUES ('event_end', 'frm_event_SYSTEM', '2', NULL, '종료일자', 'datetime', 'enddate', NULL, 'N', 'Y', NULL, 3, 0);
INSERT INTO swdomainfield (id, domainid, formfieldid, formfieldpath, formfieldname, formfieldtype, tablecolname, reftblname, arrayyn, systemfieldyn, uniqueyn, disporder, tablewidth) VALUES ('event_alarm', 'frm_event_SYSTEM', '7', NULL, '미리알림', 'string', 'alarm', NULL, 'N', 'Y', NULL, -1, 0);
INSERT INTO swdomainfield (id, domainid, formfieldid, formfieldpath, formfieldname, formfieldtype, tablecolname, reftblname, arrayyn, systemfieldyn, uniqueyn, disporder, tablewidth) VALUES ('event_related_users', 'frm_event_SYSTEM', '5', NULL, '참여자', 'string', 'relatedusers', NULL, 'N', 'Y', NULL, 4, 0);
INSERT INTO swdomainfield (id, domainid, formfieldid, formfieldpath, formfieldname, formfieldtype, tablecolname, reftblname, arrayyn, systemfieldyn, uniqueyn, disporder, tablewidth) VALUES ('event_place', 'frm_event_SYSTEM', '4', NULL, '장소', 'string', 'place', NULL, 'N', 'Y', NULL, 5, 0);

INSERT INTO swdomainfield (id, domainid, formfieldid, formfieldpath, formfieldname, formfieldtype, tablecolname, reftblname, arrayyn, systemfieldyn, uniqueyn, disporder, tablewidth) VALUES ('notice_filegroupid', 'frm_notice_SYSTEM', '2', NULL, '첨부파일', 'string', 'filegroupid', NULL, 'N', 'Y', NULL, 2, 0);
INSERT INTO swdomainfield (id, domainid, formfieldid, formfieldpath, formfieldname, formfieldtype, tablecolname, reftblname, arrayyn, systemfieldyn, uniqueyn, disporder, tablewidth) VALUES ('notice_title', 'frm_notice_SYSTEM', '0', NULL, '제목', 'string', 'title', NULL, 'N', 'Y', NULL, 1, 0);
INSERT INTO swdomainfield (id, domainid, formfieldid, formfieldpath, formfieldname, formfieldtype, tablecolname, reftblname, arrayyn, systemfieldyn, uniqueyn, disporder, tablewidth) VALUES ('notice_content', 'frm_notice_SYSTEM', '1', NULL, '내용', 'text', 'content', NULL, 'N', 'Y', NULL, 3, 0);
INSERT INTO swdomainfield (id, domainid, formfieldid, formfieldpath, formfieldname, formfieldtype, tablecolname, reftblname, arrayyn, systemfieldyn, uniqueyn, disporder, tablewidth) VALUES ('notice_duration', 'frm_notice_SYSTEM', '3', NULL, '공지종료', 'datetime', 'duration', NULL, 'N', 'N', NULL, -1, 0);
-- form
INSERT INTO swform (id, formid, version, name, type, status, creator, createdtime, modifier, modifiedtime, content)
VALUES ('DEFAULTFORM', 'DEFAULTFORM', 1, '기본업무', 'PROCESS', 'DEPLOYED', 'admin@maninsoft.co.kr', sysdate, 'admin@maninsoft.co.kr', sysdate, '');
INSERT INTO swform (id, formid, version, name, type, status, creator, createdtime, modifier, modifiedtime, content)
VALUES ('SYSTEMFORM', 'SYSTEMFORM', 1, '기본폼', 'PROCESS', 'DEPLOYED', 'admin@maninsoft.co.kr', sysdate, 'admin@maninsoft.co.kr', sysdate, '');
INSERT INTO swform (id, packageid, formid, version, name, type, status, keyword, creator, createdtime, modifier, modifiedtime, ownerdept, owner, encoding, description, content, publishmode) 
VALUES ('40288afb1b280665011b2808064c0001', 'pkg_fbbd1761c3f144d49337dc38119caa28', 'frm_company_SYSTEM', 1, '회사관리', 'SINGLE', 'DEPLOYED', NULL, 'admin@maninsoft.co.kr', sysdate, 'admin@maninsoft.co.kr', sysdate, NULL, NULL, NULL, '', 
'', 'PUB_ALL');
INSERT INTO swform (id, packageid, formid, version, name, type, status, keyword, creator, createdtime, modifier, modifiedtime, ownerdept, owner, encoding, description, content, publishmode) 
VALUES ('40288afb1b280665011b2810bd840004', 'pkg_c2156de59c14435bb551c61c1593a442', 'frm_dept_SYSTEM', 1, '부서관리', 'SINGLE', 'DEPLOYED', NULL, 'admin@maninsoft.co.kr', sysdate, 'admin@maninsoft.co.kr', sysdate, NULL, NULL, NULL, '', 
'', 'PUB_ALL');
INSERT INTO swform (id, packageid, formid, version, name, type, status, keyword, creator, createdtime, modifier, modifiedtime, ownerdept, owner, encoding, description, content, publishmode) 
VALUES ('40288afb1b280665011b28195cac0007', 'pkg_df40ac03a33c41d59586e4b201b433fd', 'frm_role_SYSTEM', 1, '역할관리', 'SINGLE', 'DEPLOYED', NULL, 'admin@maninsoft.co.kr', sysdate, 'admin@maninsoft.co.kr', sysdate, NULL, NULL, NULL, '', 
'', 'PUB_ALL');
INSERT INTO swform (id, packageid, formid, version, name, type, status, keyword, creator, createdtime, modifier, modifiedtime, ownerdept, owner, encoding, description, content, publishmode) 
VALUES ('ff8080811b3037ba011b3040c8950002', 'pkg_394ea78cec37434d922c73f09ab4b24e', 'frm_user_SYSTEM', 1, '사용자관리', 'SINGLE', 'DEPLOYED', NULL, 'admin@maninsoft.co.kr', sysdate, 'admin@maninsoft.co.kr', sysdate, NULL, NULL, NULL, '', 
'', 'PUB_ALL');
INSERT INTO swform (id, packageid, formid, version, name, type, status, keyword, creator, createdtime, modifier, modifiedtime, ownerdept, owner, encoding, description, content, publishmode) 
VALUES ('4028809b1bd3a395011bd3b825e00003', 'pkg_af2c5abbdc694feab78b2706c31f3bde', 'frm_board_SYSTEM', 1, '게시판', 'SINGLE', 'DEPLOYED', NULL, 'admin@maninsoft.co.kr', sysdate, 'admin@maninsoft.co.kr', sysdate, NULL, NULL, NULL, '', 
'', 'PUB_ALL');
INSERT INTO swform (id, packageid, formid, version, name, type, status, keyword, creator, createdtime, modifier, modifiedtime, ownerdept, owner, encoding, description, content, publishmode) 
VALUES ('40288afb1b280665011b283293f8000d', 'pkg_dde3f719c50143cd821e6c46e8df8655', 'frm_contact_SYSTEM', 1, '연락처', 'SINGLE', 'DEPLOYED', NULL, 'admin@maninsoft.co.kr', sysdate, 'admin@maninsoft.co.kr', sysdate, NULL, NULL, NULL, '', 
'', 'PUB_ALL');
INSERT INTO swform (id, packageid, formid, version, name, type, status, keyword, creator, createdtime, modifier, modifiedtime, ownerdept, owner, encoding, description, content, publishmode) 
VALUES ('frm_default_SYSTEM', NULL, 'frm_default_SYSTEM', 1, '기본폼', 'PROCESS', 'DEPLOYED', NULL, 'admin@maninsoft.co.kr', sysdate, 'admin@maninsoft.co.kr', sysdate, NULL, NULL, NULL, '', 
'', 'PUB_ALL');

--새로추가
INSERT INTO swform (id, packageid, formid, version, name, type, status, keyword, creator, createdtime, modifier, modifiedtime, ownerdept, owner, encoding, description, content, publishmode) 
VALUES ('5e6caf381e8b82a9011eaa998886011e', 'pkg_d391d4cd01864b2cada59ab5a9b12cd5', 'frm_memo_SYSTEM', 1, '메모', 'SINGLE', 'DEPLOYED', NULL, 'admin@maninsoft.co.kr', sysdate, 'admin@maninsoft.co.kr', sysdate, NULL, NULL, NULL, '자유롭게 메모를 작성하여 관리할 수 있는 업무입니다.', 
'', 'PUB_ALL');

INSERT INTO swform (id, packageid, formid, version, name, type, status, keyword, creator, createdtime, modifier, modifiedtime, ownerdept, owner, encoding, description, content, publishmode) 
VALUES ('5e6caf3822c510890122c59199010038', 'pkg_309666dd2bb5493c9d7e618b3a0aad96', 'frm_attachment_SYSTEM', 1, '자료실', 'SINGLE', 'DEPLOYED', NULL, 'admin@maninsoft.co.kr', sysdate, 'admin@maninsoft.co.kr', sysdate, NULL, NULL, NULL, '회사 공통으로 사용하여 각종자료들을 등록 관리하는 정보관리업무입니다', 
'', 'PUB_ALL');

INSERT INTO swform (id, packageid, formid, version, name, type, status, keyword, creator, createdtime, modifier, modifiedtime, ownerdept, owner, encoding, description, content, publishmode) 
VALUES ('402880ec34e3d85d0134e3eb5768000c', 'pkg_c08a02b36192489fbc13fdb6bed6f5fc', 'frm_event_SYSTEM', 1, '일정', 'SINGLE', 'DEPLOYED', NULL, 'admin@maninsoft.co.kr', sysdate, 'admin@maninsoft.co.kr', sysdate, NULL, NULL, NULL, '',
'', 'PUB_ALL');


INSERT INTO swform (id, packageid, formid, version, name, type, status, keyword, creator, createdtime, modifier, modifiedtime, ownerdept, owner, encoding, description, content, publishmode) 
VALUES ('402880ec34e3d85d0134e3e13ea00005', 'pkg_62eeb90b11e1466b86d2d7c4dadf63ca', 'frm_notice_SYSTEM', 1, '공지사항', 'SINGLE', 'DEPLOYED', NULL, 'admin@maninsoft.co.kr', sysdate, 'admin@maninsoft.co.kr', sysdate, NULL, NULL, NULL, '',
'', 'PUB_ALL');

INSERT INTO SwForm (id, packageId, formId, version, name, type, status, publishMode, keyword, creator, createdTime, modifier, modifiedTime, ownerDept, owner, encoding, description, content) values ('5e6caf381f26b928011f37cbba8b04cb', 'pkg_cf3b0087995f4f99a41c93e2fe95b22d', 'frm_c19b1fe4bceb4732acbb8a4cd2a57474', '1', '기안품의', 'PROCESS', 'DEPLOYED', NULL, NULL, 'admin@maninsoft.co.kr', sysdate, 'admin@maninsoft.co.kr', sysdate, NULL, NULL, NULL, '', '');
INSERT INTO SwForm (id, packageId, formId, version, name, type, status, publishMode, keyword, creator, createdTime, modifier, modifiedTime, ownerDept, owner, encoding, description, content) values ('5e6caf381f26b928011f37cbba9b04cd', 'pkg_cf3b0087995f4f99a41c93e2fe95b22d', 'frm_02d7818e8e99443c8c4a58f07a6c5ab2', '1', '검토자확인', 'PROCESS', 'DEPLOYED', NULL, NULL, 'admin@maninsoft.co.kr', sysdate, 'admin@maninsoft.co.kr', sysdate, NULL, NULL, NULL, '', '');
INSERT INTO SwForm (id, packageId, formId, version, name, type, status, publishMode, keyword, creator, createdTime, modifier, modifiedTime, ownerDept, owner, encoding, description, content) values ('5e6caf381f26b928011f37cbba9b04cf', 'pkg_cf3b0087995f4f99a41c93e2fe95b22d', 'frm_b6ce4e4827f8454eb975cf485172a1cb', '1', '대표이사승인', 'PROCESS', 'DEPLOYED', NULL, NULL, 'admin@maninsoft.co.kr', sysdate, 'admin@maninsoft.co.kr', sysdate, NULL, NULL, NULL, '', '');
INSERT INTO SwForm (id, packageId, formId, version, name, type, status, publishMode, keyword, creator, createdTime, modifier, modifiedTime, ownerDept, owner, encoding, description, content) values ('5e6caf381f26b928011f37cbbaaa04d1', 'pkg_cf3b0087995f4f99a41c93e2fe95b22d', 'frm_5aeb1a53f9cf439dbe83693be9e27624', '1', '승인자 결재', 'PROCESS', 'DEPLOYED', NULL, NULL, 'admin@maninsoft.co.kr', sysdate, 'admin@maninsoft.co.kr', sysdate, NULL, NULL, NULL, '', '');


-- 일반 기안 프로세스 업무를 기본카테고리에 디폴트로 추가시킨다(현재는 다운받은 업무 카테고리에 추가됨 수정 필요)

INSERT INTO LnkLnk (lnkObjId, lnkName, lnktype, lnkCreateUser, lnkCreateDate, lnkModifyUser, lnkModifyDate, lnkCorr, lnkFromType, lnkFromRef, lnkFromLabel, lnkFromExpr, lnkToType, lnkToRef, lnkToLabel, lnkToExpr, lnkCondType, lnkCondExpr) values ('pkg_cf3b0087995f4f99a41c93e2fe95b22d|prc_28f6b70603b3465982240da1ff800ea2|106', 'from:2_기안품의 | to:103_Xor103', 'process', 'admin@maninsoft.co.kr', sysdate, 'admin@maninsoft.co.kr', sysdate, NULL, 'taskdef', 'pkg_cf3b0087995f4f99a41c93e2fe95b22d|prc_28f6b70603b3465982240da1ff800ea2|2', '기안품의', NULL, 'taskdef', 'pkg_cf3b0087995f4f99a41c93e2fe95b22d|prc_28f6b70603b3465982240da1ff800ea2|103', 'Xor103', NULL, NULL, NULL);
INSERT INTO LnkLnk (lnkObjId, lnkName, lnktype, lnkCreateUser, lnkCreateDate, lnkModifyUser, lnkModifyDate, lnkCorr, lnkFromType, lnkFromRef, lnkFromLabel, lnkFromExpr, lnkToType, lnkToRef, lnkToLabel, lnkToExpr, lnkCondType, lnkCondExpr) values ('pkg_cf3b0087995f4f99a41c93e2fe95b22d|prc_28f6b70603b3465982240da1ff800ea2|15', 'from:13_대표이사승인 | to:14_결재완료', 'process', 'admin@maninsoft.co.kr', sysdate, 'admin@maninsoft.co.kr', sysdate, NULL, 'taskdef', 'pkg_cf3b0087995f4f99a41c93e2fe95b22d|prc_28f6b70603b3465982240da1ff800ea2|13', '대표이사승인', NULL, 'taskdef', 'pkg_cf3b0087995f4f99a41c93e2fe95b22d|prc_28f6b70603b3465982240da1ff800ea2|14', '결재완료', NULL, NULL, NULL);
INSERT INTO LnkLnk (lnkObjId, lnkName, lnktype, lnkCreateUser, lnkCreateDate, lnkModifyUser, lnkModifyDate, lnkCorr, lnkFromType, lnkFromRef, lnkFromLabel, lnkFromExpr, lnkToType, lnkToRef, lnkToLabel, lnkToExpr, lnkCondType, lnkCondExpr) values ('pkg_cf3b0087995f4f99a41c93e2fe95b22d|prc_28f6b70603b3465982240da1ff800ea2|234', 'from:9_승인자 결재 | to:10_Xor10', 'process', 'admin@maninsoft.co.kr', sysdate, 'admin@maninsoft.co.kr', sysdate, NULL, 'taskdef', 'pkg_cf3b0087995f4f99a41c93e2fe95b22d|prc_28f6b70603b3465982240da1ff800ea2|9', '승인자 결재', NULL, 'taskdef', 'pkg_cf3b0087995f4f99a41c93e2fe95b22d|prc_28f6b70603b3465982240da1ff800ea2|10', 'Xor10', NULL, NULL, NULL);
INSERT INTO LnkLnk (lnkObjId, lnkName, lnktype, lnkCreateUser, lnkCreateDate, lnkModifyUser, lnkModifyDate, lnkCorr, lnkFromType, lnkFromRef, lnkFromLabel, lnkFromExpr, lnkToType, lnkToRef, lnkToLabel, lnkToExpr, lnkCondType, lnkCondExpr) values ('pkg_cf3b0087995f4f99a41c93e2fe95b22d|prc_28f6b70603b3465982240da1ff800ea2|235', 'from:10_Xor10 | to:13_대표이사승인', 'process', 'admin@maninsoft.co.kr', sysdate, 'admin@maninsoft.co.kr', sysdate, NULL, 'taskdef', 'pkg_cf3b0087995f4f99a41c93e2fe95b22d|prc_28f6b70603b3465982240da1ff800ea2|10', 'Xor10', NULL, 'taskdef', 'pkg_cf3b0087995f4f99a41c93e2fe95b22d|prc_28f6b70603b3465982240da1ff800ea2|13', '대표이사승인', NULL, 'otherwise', '{$ActivityData.9.12.검토자} = ''''');
INSERT INTO LnkLnk (lnkObjId, lnkName, lnktype, lnkCreateUser, lnkCreateDate, lnkModifyUser, lnkModifyDate, lnkCorr, lnkFromType, lnkFromRef, lnkFromLabel, lnkFromExpr, lnkToType, lnkToRef, lnkToLabel, lnkToExpr, lnkCondType, lnkCondExpr) values ('pkg_cf3b0087995f4f99a41c93e2fe95b22d|prc_28f6b70603b3465982240da1ff800ea2|236', 'from:10_Xor10 | to:12_검토자확인', 'process', 'admin@maninsoft.co.kr', sysdate, 'admin@maninsoft.co.kr', sysdate, NULL, 'taskdef', 'pkg_cf3b0087995f4f99a41c93e2fe95b22d|prc_28f6b70603b3465982240da1ff800ea2|10', 'Xor10', NULL, 'taskdef', 'pkg_cf3b0087995f4f99a41c93e2fe95b22d|prc_28f6b70603b3465982240da1ff800ea2|12', '검토자확인', NULL, NULL, '{$ActivityData.9.12.검토자} != ''''');
INSERT INTO LnkLnk (lnkObjId, lnkName, lnktype, lnkCreateUser, lnkCreateDate, lnkModifyUser, lnkModifyDate, lnkCorr, lnkFromType, lnkFromRef, lnkFromLabel, lnkFromExpr, lnkToType, lnkToRef, lnkToLabel, lnkToExpr, lnkCondType, lnkCondExpr) values ('pkg_cf3b0087995f4f99a41c93e2fe95b22d|prc_28f6b70603b3465982240da1ff800ea2|237', 'from:12_검토자확인 | to:13_대표이사승인', 'process', 'admin@maninsoft.co.kr', sysdate, 'admin@maninsoft.co.kr', sysdate, NULL, 'taskdef', 'pkg_cf3b0087995f4f99a41c93e2fe95b22d|prc_28f6b70603b3465982240da1ff800ea2|12', '검토자확인', NULL, 'taskdef', 'pkg_cf3b0087995f4f99a41c93e2fe95b22d|prc_28f6b70603b3465982240da1ff800ea2|13', '대표이사승인', NULL, NULL, NULL);
INSERT INTO LnkLnk (lnkObjId, lnkName, lnktype, lnkCreateUser, lnkCreateDate, lnkModifyUser, lnkModifyDate, lnkCorr, lnkFromType, lnkFromRef, lnkFromLabel, lnkFromExpr, lnkToType, lnkToRef, lnkToLabel, lnkToExpr, lnkCondType, lnkCondExpr) values ('pkg_cf3b0087995f4f99a41c93e2fe95b22d|prc_28f6b70603b3465982240da1ff800ea2|238', 'from:14_결재완료 | to:16_End16', 'process', 'admin@maninsoft.co.kr', sysdate, 'admin@maninsoft.co.kr', sysdate, NULL, 'taskdef', 'pkg_cf3b0087995f4f99a41c93e2fe95b22d|prc_28f6b70603b3465982240da1ff800ea2|14', '결재완료', NULL, 'taskdef', 'pkg_cf3b0087995f4f99a41c93e2fe95b22d|prc_28f6b70603b3465982240da1ff800ea2|16', 'End16', NULL, 'otherwise', '{$ActivityData.13.12.승인여부} = ''승인''');
INSERT INTO LnkLnk (lnkObjId, lnkName, lnktype, lnkCreateUser, lnkCreateDate, lnkModifyUser, lnkModifyDate, lnkCorr, lnkFromType, lnkFromRef, lnkFromLabel, lnkFromExpr, lnkToType, lnkToRef, lnkToLabel, lnkToExpr, lnkCondType, lnkCondExpr) values ('pkg_cf3b0087995f4f99a41c93e2fe95b22d|prc_28f6b70603b3465982240da1ff800ea2|251', 'from:103_Xor103 | to:9_승인자 결재', 'process', 'admin@maninsoft.co.kr', sysdate, 'admin@maninsoft.co.kr', sysdate, NULL, 'taskdef', 'pkg_cf3b0087995f4f99a41c93e2fe95b22d|prc_28f6b70603b3465982240da1ff800ea2|103', 'Xor103', NULL, 'taskdef', 'pkg_cf3b0087995f4f99a41c93e2fe95b22d|prc_28f6b70603b3465982240da1ff800ea2|9', '승인자 결재', NULL, NULL, '{$ActivityData.2.466.기안 취소} = ''false'' && {$ActivityData.2.8.승인자} != ''''');
INSERT INTO LnkLnk (lnkObjId, lnkName, lnktype, lnkCreateUser, lnkCreateDate, lnkModifyUser, lnkModifyDate, lnkCorr, lnkFromType, lnkFromRef, lnkFromLabel, lnkFromExpr, lnkToType, lnkToRef, lnkToLabel, lnkToExpr, lnkCondType, lnkCondExpr) values ('pkg_cf3b0087995f4f99a41c93e2fe95b22d|prc_28f6b70603b3465982240da1ff800ea2|252', 'from:103_Xor103 | to:102_End102', 'process', 'admin@maninsoft.co.kr', sysdate, 'admin@maninsoft.co.kr', sysdate, NULL, 'taskdef', 'pkg_cf3b0087995f4f99a41c93e2fe95b22d|prc_28f6b70603b3465982240da1ff800ea2|103', 'Xor103', NULL, 'taskdef', 'pkg_cf3b0087995f4f99a41c93e2fe95b22d|prc_28f6b70603b3465982240da1ff800ea2|102', 'End102', NULL, 'otherwise', '{$ActivityData.2.466.기안 취소} = ''true''');
INSERT INTO LnkLnk (lnkObjId, lnkName, lnktype, lnkCreateUser, lnkCreateDate, lnkModifyUser, lnkModifyDate, lnkCorr, lnkFromType, lnkFromRef, lnkFromLabel, lnkFromExpr, lnkToType, lnkToRef, lnkToLabel, lnkToExpr, lnkCondType, lnkCondExpr) values ('pkg_cf3b0087995f4f99a41c93e2fe95b22d|prc_28f6b70603b3465982240da1ff800ea2|254', 'from:103_Xor103 | to:10_Xor10', 'process', 'admin@maninsoft.co.kr', sysdate, 'admin@maninsoft.co.kr', sysdate, NULL, 'taskdef', 'pkg_cf3b0087995f4f99a41c93e2fe95b22d|prc_28f6b70603b3465982240da1ff800ea2|103', 'Xor103', NULL, 'taskdef', 'pkg_cf3b0087995f4f99a41c93e2fe95b22d|prc_28f6b70603b3465982240da1ff800ea2|10', 'Xor10', NULL, NULL, '{$ActivityData.2.466.기안 취소} = ''false'' && {$ActivityData.2.8.승인자} = ''''');
INSERT INTO LnkLnk (lnkObjId, lnkName, lnktype, lnkCreateUser, lnkCreateDate, lnkModifyUser, lnkModifyDate, lnkCorr, lnkFromType, lnkFromRef, lnkFromLabel, lnkFromExpr, lnkToType, lnkToRef, lnkToLabel, lnkToExpr, lnkCondType, lnkCondExpr) values ('pkg_cf3b0087995f4f99a41c93e2fe95b22d|prc_28f6b70603b3465982240da1ff800ea2|4', 'from:1_시작 | to:2_기안품의', 'process', 'admin@maninsoft.co.kr', sysdate, 'admin@maninsoft.co.kr', sysdate, NULL, 'taskdef', 'pkg_cf3b0087995f4f99a41c93e2fe95b22d|prc_28f6b70603b3465982240da1ff800ea2|1', '시작', NULL, 'taskdef', 'pkg_cf3b0087995f4f99a41c93e2fe95b22d|prc_28f6b70603b3465982240da1ff800ea2|2', '기안품의', NULL, NULL, NULL);
INSERT INTO LnkLnk (lnkObjId, lnkName, lnktype, lnkCreateUser, lnkCreateDate, lnkModifyUser, lnkModifyDate, lnkCorr, lnkFromType, lnkFromRef, lnkFromLabel, lnkFromExpr, lnkToType, lnkToRef, lnkToLabel, lnkToExpr, lnkCondType, lnkCondExpr) values ('pkg_cf3b0087995f4f99a41c93e2fe95b22d|prc_28f6b70603b3465982240da1ff800ea2|63', 'from:14_결재완료 | to:2_기안품의', 'process', 'admin@maninsoft.co.kr', sysdate, 'admin@maninsoft.co.kr', sysdate, NULL, 'taskdef', 'pkg_cf3b0087995f4f99a41c93e2fe95b22d|prc_28f6b70603b3465982240da1ff800ea2|14', '결재완료', NULL, 'taskdef', 'pkg_cf3b0087995f4f99a41c93e2fe95b22d|prc_28f6b70603b3465982240da1ff800ea2|2', '기안품의', NULL, NULL, '{$ActivityData.13.12.승인여부} = ''기안자에게로 반려''');

INSERT INTO LnkLnkExtProp (lnkObjId, tskName, tskValue, lnkSeq) values ('pkg_cf3b0087995f4f99a41c93e2fe95b22d|prc_28f6b70603b3465982240da1ff800ea2|106', 'diagramId', 'pkg_cf3b0087995f4f99a41c93e2fe95b22d', '0');
INSERT INTO LnkLnkExtProp (lnkObjId, tskName, tskValue, lnkSeq) values ('pkg_cf3b0087995f4f99a41c93e2fe95b22d|prc_28f6b70603b3465982240da1ff800ea2|106', 'diagramVersion', '1', '1');
INSERT INTO LnkLnkExtProp (lnkObjId, tskName, tskValue, lnkSeq) values ('pkg_cf3b0087995f4f99a41c93e2fe95b22d|prc_28f6b70603b3465982240da1ff800ea2|106', 'processId', 'prc_28f6b70603b3465982240da1ff800ea2', '2');
INSERT INTO LnkLnkExtProp (lnkObjId, tskName, tskValue, lnkSeq) values ('pkg_cf3b0087995f4f99a41c93e2fe95b22d|prc_28f6b70603b3465982240da1ff800ea2|106', 'transitionId', '106', '3');
INSERT INTO LnkLnkExtProp (lnkObjId, tskName, tskValue, lnkSeq) values ('pkg_cf3b0087995f4f99a41c93e2fe95b22d|prc_28f6b70603b3465982240da1ff800ea2|15', 'diagramId', 'pkg_cf3b0087995f4f99a41c93e2fe95b22d', '0');
INSERT INTO LnkLnkExtProp (lnkObjId, tskName, tskValue, lnkSeq) values ('pkg_cf3b0087995f4f99a41c93e2fe95b22d|prc_28f6b70603b3465982240da1ff800ea2|15', 'diagramVersion', '1', '1');
INSERT INTO LnkLnkExtProp (lnkObjId, tskName, tskValue, lnkSeq) values ('pkg_cf3b0087995f4f99a41c93e2fe95b22d|prc_28f6b70603b3465982240da1ff800ea2|15', 'processId', 'prc_28f6b70603b3465982240da1ff800ea2', '2');
INSERT INTO LnkLnkExtProp (lnkObjId, tskName, tskValue, lnkSeq) values ('pkg_cf3b0087995f4f99a41c93e2fe95b22d|prc_28f6b70603b3465982240da1ff800ea2|15', 'transitionId', '15', '3');
INSERT INTO LnkLnkExtProp (lnkObjId, tskName, tskValue, lnkSeq) values ('pkg_cf3b0087995f4f99a41c93e2fe95b22d|prc_28f6b70603b3465982240da1ff800ea2|234', 'diagramId', 'pkg_cf3b0087995f4f99a41c93e2fe95b22d', '0');
INSERT INTO LnkLnkExtProp (lnkObjId, tskName, tskValue, lnkSeq) values ('pkg_cf3b0087995f4f99a41c93e2fe95b22d|prc_28f6b70603b3465982240da1ff800ea2|234', 'diagramVersion', '1', '1');
INSERT INTO LnkLnkExtProp (lnkObjId, tskName, tskValue, lnkSeq) values ('pkg_cf3b0087995f4f99a41c93e2fe95b22d|prc_28f6b70603b3465982240da1ff800ea2|234', 'processId', 'prc_28f6b70603b3465982240da1ff800ea2', '2');
INSERT INTO LnkLnkExtProp (lnkObjId, tskName, tskValue, lnkSeq) values ('pkg_cf3b0087995f4f99a41c93e2fe95b22d|prc_28f6b70603b3465982240da1ff800ea2|234', 'transitionId', '234', '3');
INSERT INTO LnkLnkExtProp (lnkObjId, tskName, tskValue, lnkSeq) values ('pkg_cf3b0087995f4f99a41c93e2fe95b22d|prc_28f6b70603b3465982240da1ff800ea2|235', 'diagramId', 'pkg_cf3b0087995f4f99a41c93e2fe95b22d', '0');
INSERT INTO LnkLnkExtProp (lnkObjId, tskName, tskValue, lnkSeq) values ('pkg_cf3b0087995f4f99a41c93e2fe95b22d|prc_28f6b70603b3465982240da1ff800ea2|235', 'diagramVersion', '1', '1');
INSERT INTO LnkLnkExtProp (lnkObjId, tskName, tskValue, lnkSeq) values ('pkg_cf3b0087995f4f99a41c93e2fe95b22d|prc_28f6b70603b3465982240da1ff800ea2|235', 'processId', 'prc_28f6b70603b3465982240da1ff800ea2', '2');
INSERT INTO LnkLnkExtProp (lnkObjId, tskName, tskValue, lnkSeq) values ('pkg_cf3b0087995f4f99a41c93e2fe95b22d|prc_28f6b70603b3465982240da1ff800ea2|235', 'transitionId', '235', '3');
INSERT INTO LnkLnkExtProp (lnkObjId, tskName, tskValue, lnkSeq) values ('pkg_cf3b0087995f4f99a41c93e2fe95b22d|prc_28f6b70603b3465982240da1ff800ea2|236', 'diagramId', 'pkg_cf3b0087995f4f99a41c93e2fe95b22d', '0');
INSERT INTO LnkLnkExtProp (lnkObjId, tskName, tskValue, lnkSeq) values ('pkg_cf3b0087995f4f99a41c93e2fe95b22d|prc_28f6b70603b3465982240da1ff800ea2|236', 'diagramVersion', '1', '1');
INSERT INTO LnkLnkExtProp (lnkObjId, tskName, tskValue, lnkSeq) values ('pkg_cf3b0087995f4f99a41c93e2fe95b22d|prc_28f6b70603b3465982240da1ff800ea2|236', 'processId', 'prc_28f6b70603b3465982240da1ff800ea2', '2');
INSERT INTO LnkLnkExtProp (lnkObjId, tskName, tskValue, lnkSeq) values ('pkg_cf3b0087995f4f99a41c93e2fe95b22d|prc_28f6b70603b3465982240da1ff800ea2|236', 'transitionId', '236', '3');
INSERT INTO LnkLnkExtProp (lnkObjId, tskName, tskValue, lnkSeq) values ('pkg_cf3b0087995f4f99a41c93e2fe95b22d|prc_28f6b70603b3465982240da1ff800ea2|237', 'diagramId', 'pkg_cf3b0087995f4f99a41c93e2fe95b22d', '0');
INSERT INTO LnkLnkExtProp (lnkObjId, tskName, tskValue, lnkSeq) values ('pkg_cf3b0087995f4f99a41c93e2fe95b22d|prc_28f6b70603b3465982240da1ff800ea2|237', 'diagramVersion', '1', '1');
INSERT INTO LnkLnkExtProp (lnkObjId, tskName, tskValue, lnkSeq) values ('pkg_cf3b0087995f4f99a41c93e2fe95b22d|prc_28f6b70603b3465982240da1ff800ea2|237', 'processId', 'prc_28f6b70603b3465982240da1ff800ea2', '2');
INSERT INTO LnkLnkExtProp (lnkObjId, tskName, tskValue, lnkSeq) values ('pkg_cf3b0087995f4f99a41c93e2fe95b22d|prc_28f6b70603b3465982240da1ff800ea2|237', 'transitionId', '237', '3');
INSERT INTO LnkLnkExtProp (lnkObjId, tskName, tskValue, lnkSeq) values ('pkg_cf3b0087995f4f99a41c93e2fe95b22d|prc_28f6b70603b3465982240da1ff800ea2|238', 'diagramId', 'pkg_cf3b0087995f4f99a41c93e2fe95b22d', '0');
INSERT INTO LnkLnkExtProp (lnkObjId, tskName, tskValue, lnkSeq) values ('pkg_cf3b0087995f4f99a41c93e2fe95b22d|prc_28f6b70603b3465982240da1ff800ea2|238', 'diagramVersion', '1', '1');
INSERT INTO LnkLnkExtProp (lnkObjId, tskName, tskValue, lnkSeq) values ('pkg_cf3b0087995f4f99a41c93e2fe95b22d|prc_28f6b70603b3465982240da1ff800ea2|238', 'processId', 'prc_28f6b70603b3465982240da1ff800ea2', '2');
INSERT INTO LnkLnkExtProp (lnkObjId, tskName, tskValue, lnkSeq) values ('pkg_cf3b0087995f4f99a41c93e2fe95b22d|prc_28f6b70603b3465982240da1ff800ea2|238', 'transitionId', '238', '3');
INSERT INTO LnkLnkExtProp (lnkObjId, tskName, tskValue, lnkSeq) values ('pkg_cf3b0087995f4f99a41c93e2fe95b22d|prc_28f6b70603b3465982240da1ff800ea2|251', 'diagramId', 'pkg_cf3b0087995f4f99a41c93e2fe95b22d', '0');
INSERT INTO LnkLnkExtProp (lnkObjId, tskName, tskValue, lnkSeq) values ('pkg_cf3b0087995f4f99a41c93e2fe95b22d|prc_28f6b70603b3465982240da1ff800ea2|251', 'diagramVersion', '1', '1');
INSERT INTO LnkLnkExtProp (lnkObjId, tskName, tskValue, lnkSeq) values ('pkg_cf3b0087995f4f99a41c93e2fe95b22d|prc_28f6b70603b3465982240da1ff800ea2|251', 'processId', 'prc_28f6b70603b3465982240da1ff800ea2', '2');
INSERT INTO LnkLnkExtProp (lnkObjId, tskName, tskValue, lnkSeq) values ('pkg_cf3b0087995f4f99a41c93e2fe95b22d|prc_28f6b70603b3465982240da1ff800ea2|251', 'transitionId', '251', '3');
INSERT INTO LnkLnkExtProp (lnkObjId, tskName, tskValue, lnkSeq) values ('pkg_cf3b0087995f4f99a41c93e2fe95b22d|prc_28f6b70603b3465982240da1ff800ea2|252', 'diagramId', 'pkg_cf3b0087995f4f99a41c93e2fe95b22d', '0');
INSERT INTO LnkLnkExtProp (lnkObjId, tskName, tskValue, lnkSeq) values ('pkg_cf3b0087995f4f99a41c93e2fe95b22d|prc_28f6b70603b3465982240da1ff800ea2|252', 'diagramVersion', '1', '1');
INSERT INTO LnkLnkExtProp (lnkObjId, tskName, tskValue, lnkSeq) values ('pkg_cf3b0087995f4f99a41c93e2fe95b22d|prc_28f6b70603b3465982240da1ff800ea2|252', 'processId', 'prc_28f6b70603b3465982240da1ff800ea2', '2');
INSERT INTO LnkLnkExtProp (lnkObjId, tskName, tskValue, lnkSeq) values ('pkg_cf3b0087995f4f99a41c93e2fe95b22d|prc_28f6b70603b3465982240da1ff800ea2|252', 'transitionId', '252', '3');
INSERT INTO LnkLnkExtProp (lnkObjId, tskName, tskValue, lnkSeq) values ('pkg_cf3b0087995f4f99a41c93e2fe95b22d|prc_28f6b70603b3465982240da1ff800ea2|254', 'diagramId', 'pkg_cf3b0087995f4f99a41c93e2fe95b22d', '0');
INSERT INTO LnkLnkExtProp (lnkObjId, tskName, tskValue, lnkSeq) values ('pkg_cf3b0087995f4f99a41c93e2fe95b22d|prc_28f6b70603b3465982240da1ff800ea2|254', 'diagramVersion', '1', '1');
INSERT INTO LnkLnkExtProp (lnkObjId, tskName, tskValue, lnkSeq) values ('pkg_cf3b0087995f4f99a41c93e2fe95b22d|prc_28f6b70603b3465982240da1ff800ea2|254', 'processId', 'prc_28f6b70603b3465982240da1ff800ea2', '2');
INSERT INTO LnkLnkExtProp (lnkObjId, tskName, tskValue, lnkSeq) values ('pkg_cf3b0087995f4f99a41c93e2fe95b22d|prc_28f6b70603b3465982240da1ff800ea2|254', 'transitionId', '254', '3');
INSERT INTO LnkLnkExtProp (lnkObjId, tskName, tskValue, lnkSeq) values ('pkg_cf3b0087995f4f99a41c93e2fe95b22d|prc_28f6b70603b3465982240da1ff800ea2|4', 'diagramId', 'pkg_cf3b0087995f4f99a41c93e2fe95b22d', '0');
INSERT INTO LnkLnkExtProp (lnkObjId, tskName, tskValue, lnkSeq) values ('pkg_cf3b0087995f4f99a41c93e2fe95b22d|prc_28f6b70603b3465982240da1ff800ea2|4', 'diagramVersion', '1', '1');
INSERT INTO LnkLnkExtProp (lnkObjId, tskName, tskValue, lnkSeq) values ('pkg_cf3b0087995f4f99a41c93e2fe95b22d|prc_28f6b70603b3465982240da1ff800ea2|4', 'processId', 'prc_28f6b70603b3465982240da1ff800ea2', '2');
INSERT INTO LnkLnkExtProp (lnkObjId, tskName, tskValue, lnkSeq) values ('pkg_cf3b0087995f4f99a41c93e2fe95b22d|prc_28f6b70603b3465982240da1ff800ea2|4', 'transitionId', '4', '3');
INSERT INTO LnkLnkExtProp (lnkObjId, tskName, tskValue, lnkSeq) values ('pkg_cf3b0087995f4f99a41c93e2fe95b22d|prc_28f6b70603b3465982240da1ff800ea2|63', 'diagramId', 'pkg_cf3b0087995f4f99a41c93e2fe95b22d', '0');
INSERT INTO LnkLnkExtProp (lnkObjId, tskName, tskValue, lnkSeq) values ('pkg_cf3b0087995f4f99a41c93e2fe95b22d|prc_28f6b70603b3465982240da1ff800ea2|63', 'diagramVersion', '1', '1');
INSERT INTO LnkLnkExtProp (lnkObjId, tskName, tskValue, lnkSeq) values ('pkg_cf3b0087995f4f99a41c93e2fe95b22d|prc_28f6b70603b3465982240da1ff800ea2|63', 'processId', 'prc_28f6b70603b3465982240da1ff800ea2', '2');
INSERT INTO LnkLnkExtProp (lnkObjId, tskName, tskValue, lnkSeq) values ('pkg_cf3b0087995f4f99a41c93e2fe95b22d|prc_28f6b70603b3465982240da1ff800ea2|63', 'transitionId', '63', '3');

INSERT INTO ColMap (colObjId, colName, colCreateUser, colCreateDate, colModifyUser, colModifyDate, colType, colFromType, colFromRef, colToType, colToRef) values ('5e6caf38235e3b9601236ddc13950088', '시작', 'admin@maninsoft.co.kr', sysdate, 'admin@maninsoft.co.kr', sysdate, 'taskadvisor', 'taskdef', 'pkg_cf3b0087995f4f99a41c93e2fe95b22d|prc_28f6b70603b3465982240da1ff800ea2|1', 'bean', 'routeTaskAdvisor');
INSERT INTO ColMap (colObjId, colName, colCreateUser, colCreateDate, colModifyUser, colModifyDate, colType, colFromType, colFromRef, colToType, colToRef) values ('5e6caf38235e3b9601236ddc13b40089', 'Xor10', 'admin@maninsoft.co.kr', sysdate, 'admin@maninsoft.co.kr', sysdate, 'taskadvisor', 'taskdef', 'pkg_cf3b0087995f4f99a41c93e2fe95b22d|prc_28f6b70603b3465982240da1ff800ea2|10', 'bean', 'xorTaskAdvisor');
INSERT INTO ColMap (colObjId, colName, colCreateUser, colCreateDate, colModifyUser, colModifyDate, colType, colFromType, colFromRef, colToType, colToRef) values ('5e6caf38235e3b9601236ddc13b4008a', '결재완료', 'admin@maninsoft.co.kr', sysdate, 'admin@maninsoft.co.kr', sysdate, 'taskadvisor', 'taskdef', 'pkg_cf3b0087995f4f99a41c93e2fe95b22d|prc_28f6b70603b3465982240da1ff800ea2|14', 'bean', 'xorTaskAdvisor');
INSERT INTO ColMap (colObjId, colName, colCreateUser, colCreateDate, colModifyUser, colModifyDate, colType, colFromType, colFromRef, colToType, colToRef) values ('5e6caf38235e3b9601236ddc13c4008b', 'End16', 'admin@maninsoft.co.kr', sysdate, 'admin@maninsoft.co.kr', sysdate, 'taskadvisor', 'taskdef', 'pkg_cf3b0087995f4f99a41c93e2fe95b22d|prc_28f6b70603b3465982240da1ff800ea2|16', 'bean', 'routeTaskAdvisor');
INSERT INTO ColMap (colObjId, colName, colCreateUser, colCreateDate, colModifyUser, colModifyDate, colType, colFromType, colFromRef, colToType, colToRef) values ('5e6caf38235e3b9601236ddc13c4008c', 'End102', 'admin@maninsoft.co.kr', sysdate, 'admin@maninsoft.co.kr', sysdate, 'taskadvisor', 'taskdef', 'pkg_cf3b0087995f4f99a41c93e2fe95b22d|prc_28f6b70603b3465982240da1ff800ea2|102', 'bean', 'routeTaskAdvisor');
INSERT INTO ColMap (colObjId, colName, colCreateUser, colCreateDate, colModifyUser, colModifyDate, colType, colFromType, colFromRef, colToType, colToRef) values ('5e6caf38235e3b9601236ddc13d4008d', 'Xor103', 'admin@maninsoft.co.kr', sysdate, 'admin@maninsoft.co.kr', sysdate, 'taskadvisor', 'taskdef', 'pkg_cf3b0087995f4f99a41c93e2fe95b22d|prc_28f6b70603b3465982240da1ff800ea2|103', 'bean', 'xorTaskAdvisor');

INSERT INTO ColMapExtProp (colObjId, tskName, tskValue, colSeq) values ('5e6caf38235e3b9601236ddc13950088', 'diagramId', 'pkg_cf3b0087995f4f99a41c93e2fe95b22d', '0');
INSERT INTO ColMapExtProp (colObjId, tskName, tskValue, colSeq) values ('5e6caf38235e3b9601236ddc13950088', 'diagramVersion', '1', '1');
INSERT INTO ColMapExtProp (colObjId, tskName, tskValue, colSeq) values ('5e6caf38235e3b9601236ddc13950088', 'processId', 'prc_28f6b70603b3465982240da1ff800ea2', '2');
INSERT INTO ColMapExtProp (colObjId, tskName, tskValue, colSeq) values ('5e6caf38235e3b9601236ddc13950088', 'activityId', '1', '3');
INSERT INTO ColMapExtProp (colObjId, tskName, tskValue, colSeq) values ('5e6caf38235e3b9601236ddc13b40089', 'diagramId', 'pkg_cf3b0087995f4f99a41c93e2fe95b22d', '0');
INSERT INTO ColMapExtProp (colObjId, tskName, tskValue, colSeq) values ('5e6caf38235e3b9601236ddc13b40089', 'diagramVersion', '1', '1');
INSERT INTO ColMapExtProp (colObjId, tskName, tskValue, colSeq) values ('5e6caf38235e3b9601236ddc13b40089', 'processId', 'prc_28f6b70603b3465982240da1ff800ea2', '2');
INSERT INTO ColMapExtProp (colObjId, tskName, tskValue, colSeq) values ('5e6caf38235e3b9601236ddc13b40089', 'activityId', '10', '3');
INSERT INTO ColMapExtProp (colObjId, tskName, tskValue, colSeq) values ('5e6caf38235e3b9601236ddc13b4008a', 'diagramId', 'pkg_cf3b0087995f4f99a41c93e2fe95b22d', '0');
INSERT INTO ColMapExtProp (colObjId, tskName, tskValue, colSeq) values ('5e6caf38235e3b9601236ddc13b4008a', 'diagramVersion', '1', '1');
INSERT INTO ColMapExtProp (colObjId, tskName, tskValue, colSeq) values ('5e6caf38235e3b9601236ddc13b4008a', 'processId', 'prc_28f6b70603b3465982240da1ff800ea2', '2');
INSERT INTO ColMapExtProp (colObjId, tskName, tskValue, colSeq) values ('5e6caf38235e3b9601236ddc13b4008a', 'activityId', '14', '3');
INSERT INTO ColMapExtProp (colObjId, tskName, tskValue, colSeq) values ('5e6caf38235e3b9601236ddc13c4008b', 'diagramId', 'pkg_cf3b0087995f4f99a41c93e2fe95b22d', '0');
INSERT INTO ColMapExtProp (colObjId, tskName, tskValue, colSeq) values ('5e6caf38235e3b9601236ddc13c4008b', 'diagramVersion', '1', '1');
INSERT INTO ColMapExtProp (colObjId, tskName, tskValue, colSeq) values ('5e6caf38235e3b9601236ddc13c4008b', 'processId', 'prc_28f6b70603b3465982240da1ff800ea2', '2');
INSERT INTO ColMapExtProp (colObjId, tskName, tskValue, colSeq) values ('5e6caf38235e3b9601236ddc13c4008b', 'activityId', '16', '3');
INSERT INTO ColMapExtProp (colObjId, tskName, tskValue, colSeq) values ('5e6caf38235e3b9601236ddc13c4008c', 'diagramId', 'pkg_cf3b0087995f4f99a41c93e2fe95b22d', '0');
INSERT INTO ColMapExtProp (colObjId, tskName, tskValue, colSeq) values ('5e6caf38235e3b9601236ddc13c4008c', 'diagramVersion', '1', '1');
INSERT INTO ColMapExtProp (colObjId, tskName, tskValue, colSeq) values ('5e6caf38235e3b9601236ddc13c4008c', 'processId', 'prc_28f6b70603b3465982240da1ff800ea2', '2');
INSERT INTO ColMapExtProp (colObjId, tskName, tskValue, colSeq) values ('5e6caf38235e3b9601236ddc13c4008c', 'activityId', '102', '3');
INSERT INTO ColMapExtProp (colObjId, tskName, tskValue, colSeq) values ('5e6caf38235e3b9601236ddc13d4008d', 'diagramId', 'pkg_cf3b0087995f4f99a41c93e2fe95b22d', '0');
INSERT INTO ColMapExtProp (colObjId, tskName, tskValue, colSeq) values ('5e6caf38235e3b9601236ddc13d4008d', 'diagramVersion', '1', '1');
INSERT INTO ColMapExtProp (colObjId, tskName, tskValue, colSeq) values ('5e6caf38235e3b9601236ddc13d4008d', 'processId', 'prc_28f6b70603b3465982240da1ff800ea2', '2');
INSERT INTO ColMapExtProp (colObjId, tskName, tskValue, colSeq) values ('5e6caf38235e3b9601236ddc13d4008d', 'activityId', '103', '3');

INSERT INTO PrcPrc (prcObjId, prcName, prcCreateUser, prcCreateDate, prcModifyUser, prcModifyDate, prcDId, prcDVer, prcPrcId, prcDiagram, tskDesc) values ('pkg_cf3b0087995f4f99a41c93e2fe95b22d|prc_28f6b70603b3465982240da1ff800ea2', '일반기안', 'admin@maninsoft.co.kr', sysdate, 'admin@maninsoft.co.kr', sysdate, 'pkg_cf3b0087995f4f99a41c93e2fe95b22d', '1', 'prc_28f6b70603b3465982240da1ff800ea2', '', NULL);

INSERT INTO TskTaskDef (tskObjId, tskName, tskCreateUser, tskCreateDate, tskModifyUser, tskModifyDate, tskStatus, tskCorr, tskType, tskPrcInstId, tskTitle, tskDesc, tskPriority, tskDoc, tskAssigner, tskAssignee, tskAssignDate, tskDueDate, tskForm, tskMultiInstOrder, tskMultiInstFlowCond) values ('pkg_cf3b0087995f4f99a41c93e2fe95b22d|prc_28f6b70603b3465982240da1ff800ea2|1', '시작', 'admin@maninsoft.co.kr', sysdate, 'admin@maninsoft.co.kr', sysdate, NULL, NULL, 'route', NULL, NULL, NULL, NULL, NULL, NULL, NULL, NULL, NULL, NULL, NULL, NULL);
INSERT INTO TskTaskDef (tskObjId, tskName, tskCreateUser, tskCreateDate, tskModifyUser, tskModifyDate, tskStatus, tskCorr, tskType, tskPrcInstId, tskTitle, tskDesc, tskPriority, tskDoc, tskAssigner, tskAssignee, tskAssignDate, tskDueDate, tskForm, tskMultiInstOrder, tskMultiInstFlowCond) values ('pkg_cf3b0087995f4f99a41c93e2fe95b22d|prc_28f6b70603b3465982240da1ff800ea2|10', 'Xor10', 'admin@maninsoft.co.kr', sysdate, 'admin@maninsoft.co.kr', sysdate, NULL, NULL, 'xor', NULL, NULL, NULL, NULL, NULL, NULL, NULL, NULL, NULL, NULL, NULL, NULL);
INSERT INTO TskTaskDef (tskObjId, tskName, tskCreateUser, tskCreateDate, tskModifyUser, tskModifyDate, tskStatus, tskCorr, tskType, tskPrcInstId, tskTitle, tskDesc, tskPriority, tskDoc, tskAssigner, tskAssignee, tskAssignDate, tskDueDate, tskForm, tskMultiInstOrder, tskMultiInstFlowCond) values ('pkg_cf3b0087995f4f99a41c93e2fe95b22d|prc_28f6b70603b3465982240da1ff800ea2|102', 'End102', 'admin@maninsoft.co.kr', sysdate, 'admin@maninsoft.co.kr', sysdate, NULL, NULL, 'route', NULL, NULL, NULL, NULL, NULL, NULL, NULL, NULL, NULL, NULL, NULL, NULL);
INSERT INTO TskTaskDef (tskObjId, tskName, tskCreateUser, tskCreateDate, tskModifyUser, tskModifyDate, tskStatus, tskCorr, tskType, tskPrcInstId, tskTitle, tskDesc, tskPriority, tskDoc, tskAssigner, tskAssignee, tskAssignDate, tskDueDate, tskForm, tskMultiInstOrder, tskMultiInstFlowCond) values ('pkg_cf3b0087995f4f99a41c93e2fe95b22d|prc_28f6b70603b3465982240da1ff800ea2|103', 'Xor103', 'admin@maninsoft.co.kr', sysdate, 'admin@maninsoft.co.kr', sysdate, NULL, NULL, 'xor', NULL, NULL, NULL, NULL, NULL, NULL, NULL, NULL, NULL, NULL, NULL, NULL);
INSERT INTO TskTaskDef (tskObjId, tskName, tskCreateUser, tskCreateDate, tskModifyUser, tskModifyDate, tskStatus, tskCorr, tskType, tskPrcInstId, tskTitle, tskDesc, tskPriority, tskDoc, tskAssigner, tskAssignee, tskAssignDate, tskDueDate, tskForm, tskMultiInstOrder, tskMultiInstFlowCond) values ('pkg_cf3b0087995f4f99a41c93e2fe95b22d|prc_28f6b70603b3465982240da1ff800ea2|12', '검토자확인', 'admin@maninsoft.co.kr', sysdate, 'admin@maninsoft.co.kr', sysdate, NULL, NULL, 'COMMON', NULL, NULL, NULL, NULL, NULL, NULL, '12', NULL, NULL, 'frm_02d7818e8e99443c8c4a58f07a6c5ab2', NULL, NULL);
INSERT INTO TskTaskDef (tskObjId, tskName, tskCreateUser, tskCreateDate, tskModifyUser, tskModifyDate, tskStatus, tskCorr, tskType, tskPrcInstId, tskTitle, tskDesc, tskPriority, tskDoc, tskAssigner, tskAssignee, tskAssignDate, tskDueDate, tskForm, tskMultiInstOrder, tskMultiInstFlowCond) values ('pkg_cf3b0087995f4f99a41c93e2fe95b22d|prc_28f6b70603b3465982240da1ff800ea2|13', '대표이사승인', 'admin@maninsoft.co.kr', sysdate, 'admin@maninsoft.co.kr', sysdate, NULL, NULL, 'COMMON', NULL, NULL, NULL, NULL, NULL, NULL, '16', NULL, NULL, 'frm_b6ce4e4827f8454eb975cf485172a1cb', NULL, NULL);
INSERT INTO TskTaskDef (tskObjId, tskName, tskCreateUser, tskCreateDate, tskModifyUser, tskModifyDate, tskStatus, tskCorr, tskType, tskPrcInstId, tskTitle, tskDesc, tskPriority, tskDoc, tskAssigner, tskAssignee, tskAssignDate, tskDueDate, tskForm, tskMultiInstOrder, tskMultiInstFlowCond) values ('pkg_cf3b0087995f4f99a41c93e2fe95b22d|prc_28f6b70603b3465982240da1ff800ea2|14', '결재완료', 'admin@maninsoft.co.kr', sysdate, 'admin@maninsoft.co.kr', sysdate, NULL, NULL, 'xor', NULL, NULL, NULL, NULL, NULL, NULL, NULL, NULL, NULL, NULL, NULL, NULL);
INSERT INTO TskTaskDef (tskObjId, tskName, tskCreateUser, tskCreateDate, tskModifyUser, tskModifyDate, tskStatus, tskCorr, tskType, tskPrcInstId, tskTitle, tskDesc, tskPriority, tskDoc, tskAssigner, tskAssignee, tskAssignDate, tskDueDate, tskForm, tskMultiInstOrder, tskMultiInstFlowCond) values ('pkg_cf3b0087995f4f99a41c93e2fe95b22d|prc_28f6b70603b3465982240da1ff800ea2|16', 'End16', 'admin@maninsoft.co.kr', sysdate, 'admin@maninsoft.co.kr', sysdate, NULL, NULL, 'route', NULL, NULL, NULL, NULL, NULL, NULL, NULL, NULL, NULL, NULL, NULL, NULL);
INSERT INTO TskTaskDef (tskObjId, tskName, tskCreateUser, tskCreateDate, tskModifyUser, tskModifyDate, tskStatus, tskCorr, tskType, tskPrcInstId, tskTitle, tskDesc, tskPriority, tskDoc, tskAssigner, tskAssignee, tskAssignDate, tskDueDate, tskForm, tskMultiInstOrder, tskMultiInstFlowCond) values ('pkg_cf3b0087995f4f99a41c93e2fe95b22d|prc_28f6b70603b3465982240da1ff800ea2|2', '기안품의', 'admin@maninsoft.co.kr', sysdate, 'admin@maninsoft.co.kr', sysdate, NULL, NULL, 'COMMON', NULL, NULL, NULL, NULL, NULL, NULL, '4', NULL, NULL, 'frm_c19b1fe4bceb4732acbb8a4cd2a57474', NULL, NULL);
INSERT INTO TskTaskDef (tskObjId, tskName, tskCreateUser, tskCreateDate, tskModifyUser, tskModifyDate, tskStatus, tskCorr, tskType, tskPrcInstId, tskTitle, tskDesc, tskPriority, tskDoc, tskAssigner, tskAssignee, tskAssignDate, tskDueDate, tskForm, tskMultiInstOrder, tskMultiInstFlowCond) values ('pkg_cf3b0087995f4f99a41c93e2fe95b22d|prc_28f6b70603b3465982240da1ff800ea2|9', '승인자 결재', 'admin@maninsoft.co.kr', sysdate, 'admin@maninsoft.co.kr', sysdate, NULL, NULL, 'COMMON', NULL, NULL, NULL, NULL, NULL, NULL, '76', NULL, NULL, 'frm_5aeb1a53f9cf439dbe83693be9e27624', NULL, NULL);

INSERT INTO TskTaskDefExtProp (tskObjId, tskName, tskValue, tskSeq) values ('pkg_cf3b0087995f4f99a41c93e2fe95b22d|prc_28f6b70603b3465982240da1ff800ea2|1', 'diagramId', 'pkg_cf3b0087995f4f99a41c93e2fe95b22d', '0');
INSERT INTO TskTaskDefExtProp (tskObjId, tskName, tskValue, tskSeq) values ('pkg_cf3b0087995f4f99a41c93e2fe95b22d|prc_28f6b70603b3465982240da1ff800ea2|1', 'diagramVersion', '1', '1');
INSERT INTO TskTaskDefExtProp (tskObjId, tskName, tskValue, tskSeq) values ('pkg_cf3b0087995f4f99a41c93e2fe95b22d|prc_28f6b70603b3465982240da1ff800ea2|1', 'processId', 'prc_28f6b70603b3465982240da1ff800ea2', '2');
INSERT INTO TskTaskDefExtProp (tskObjId, tskName, tskValue, tskSeq) values ('pkg_cf3b0087995f4f99a41c93e2fe95b22d|prc_28f6b70603b3465982240da1ff800ea2|1', 'activityId', '1', '3');
INSERT INTO TskTaskDefExtProp (tskObjId, tskName, tskValue, tskSeq) values ('pkg_cf3b0087995f4f99a41c93e2fe95b22d|prc_28f6b70603b3465982240da1ff800ea2|10', 'diagramId', 'pkg_cf3b0087995f4f99a41c93e2fe95b22d', '0');
INSERT INTO TskTaskDefExtProp (tskObjId, tskName, tskValue, tskSeq) values ('pkg_cf3b0087995f4f99a41c93e2fe95b22d|prc_28f6b70603b3465982240da1ff800ea2|10', 'diagramVersion', '1', '1');
INSERT INTO TskTaskDefExtProp (tskObjId, tskName, tskValue, tskSeq) values ('pkg_cf3b0087995f4f99a41c93e2fe95b22d|prc_28f6b70603b3465982240da1ff800ea2|10', 'processId', 'prc_28f6b70603b3465982240da1ff800ea2', '2');
INSERT INTO TskTaskDefExtProp (tskObjId, tskName, tskValue, tskSeq) values ('pkg_cf3b0087995f4f99a41c93e2fe95b22d|prc_28f6b70603b3465982240da1ff800ea2|10', 'activityId', '10', '3');
INSERT INTO TskTaskDefExtProp (tskObjId, tskName, tskValue, tskSeq) values ('pkg_cf3b0087995f4f99a41c93e2fe95b22d|prc_28f6b70603b3465982240da1ff800ea2|102', 'diagramId', 'pkg_cf3b0087995f4f99a41c93e2fe95b22d', '0');
INSERT INTO TskTaskDefExtProp (tskObjId, tskName, tskValue, tskSeq) values ('pkg_cf3b0087995f4f99a41c93e2fe95b22d|prc_28f6b70603b3465982240da1ff800ea2|102', 'diagramVersion', '1', '1');
INSERT INTO TskTaskDefExtProp (tskObjId, tskName, tskValue, tskSeq) values ('pkg_cf3b0087995f4f99a41c93e2fe95b22d|prc_28f6b70603b3465982240da1ff800ea2|102', 'processId', 'prc_28f6b70603b3465982240da1ff800ea2', '2');
INSERT INTO TskTaskDefExtProp (tskObjId, tskName, tskValue, tskSeq) values ('pkg_cf3b0087995f4f99a41c93e2fe95b22d|prc_28f6b70603b3465982240da1ff800ea2|102', 'activityId', '102', '3');
INSERT INTO TskTaskDefExtProp (tskObjId, tskName, tskValue, tskSeq) values ('pkg_cf3b0087995f4f99a41c93e2fe95b22d|prc_28f6b70603b3465982240da1ff800ea2|103', 'diagramId', 'pkg_cf3b0087995f4f99a41c93e2fe95b22d', '0');
INSERT INTO TskTaskDefExtProp (tskObjId, tskName, tskValue, tskSeq) values ('pkg_cf3b0087995f4f99a41c93e2fe95b22d|prc_28f6b70603b3465982240da1ff800ea2|103', 'diagramVersion', '1', '1');
INSERT INTO TskTaskDefExtProp (tskObjId, tskName, tskValue, tskSeq) values ('pkg_cf3b0087995f4f99a41c93e2fe95b22d|prc_28f6b70603b3465982240da1ff800ea2|103', 'processId', 'prc_28f6b70603b3465982240da1ff800ea2', '2');
INSERT INTO TskTaskDefExtProp (tskObjId, tskName, tskValue, tskSeq) values ('pkg_cf3b0087995f4f99a41c93e2fe95b22d|prc_28f6b70603b3465982240da1ff800ea2|103', 'activityId', '103', '3');
INSERT INTO TskTaskDefExtProp (tskObjId, tskName, tskValue, tskSeq) values ('pkg_cf3b0087995f4f99a41c93e2fe95b22d|prc_28f6b70603b3465982240da1ff800ea2|12', 'diagramId', 'pkg_cf3b0087995f4f99a41c93e2fe95b22d', '0');
INSERT INTO TskTaskDefExtProp (tskObjId, tskName, tskValue, tskSeq) values ('pkg_cf3b0087995f4f99a41c93e2fe95b22d|prc_28f6b70603b3465982240da1ff800ea2|12', 'diagramVersion', '1', '1');
INSERT INTO TskTaskDefExtProp (tskObjId, tskName, tskValue, tskSeq) values ('pkg_cf3b0087995f4f99a41c93e2fe95b22d|prc_28f6b70603b3465982240da1ff800ea2|12', 'processId', 'prc_28f6b70603b3465982240da1ff800ea2', '2');
INSERT INTO TskTaskDefExtProp (tskObjId, tskName, tskValue, tskSeq) values ('pkg_cf3b0087995f4f99a41c93e2fe95b22d|prc_28f6b70603b3465982240da1ff800ea2|12', 'activityId', '12', '3');
INSERT INTO TskTaskDefExtProp (tskObjId, tskName, tskValue, tskSeq) values ('pkg_cf3b0087995f4f99a41c93e2fe95b22d|prc_28f6b70603b3465982240da1ff800ea2|13', 'diagramId', 'pkg_cf3b0087995f4f99a41c93e2fe95b22d', '0');
INSERT INTO TskTaskDefExtProp (tskObjId, tskName, tskValue, tskSeq) values ('pkg_cf3b0087995f4f99a41c93e2fe95b22d|prc_28f6b70603b3465982240da1ff800ea2|13', 'diagramVersion', '1', '1');
INSERT INTO TskTaskDefExtProp (tskObjId, tskName, tskValue, tskSeq) values ('pkg_cf3b0087995f4f99a41c93e2fe95b22d|prc_28f6b70603b3465982240da1ff800ea2|13', 'processId', 'prc_28f6b70603b3465982240da1ff800ea2', '2');
INSERT INTO TskTaskDefExtProp (tskObjId, tskName, tskValue, tskSeq) values ('pkg_cf3b0087995f4f99a41c93e2fe95b22d|prc_28f6b70603b3465982240da1ff800ea2|13', 'activityId', '13', '3');
INSERT INTO TskTaskDefExtProp (tskObjId, tskName, tskValue, tskSeq) values ('pkg_cf3b0087995f4f99a41c93e2fe95b22d|prc_28f6b70603b3465982240da1ff800ea2|14', 'diagramId', 'pkg_cf3b0087995f4f99a41c93e2fe95b22d', '0');
INSERT INTO TskTaskDefExtProp (tskObjId, tskName, tskValue, tskSeq) values ('pkg_cf3b0087995f4f99a41c93e2fe95b22d|prc_28f6b70603b3465982240da1ff800ea2|14', 'diagramVersion', '1', '1');
INSERT INTO TskTaskDefExtProp (tskObjId, tskName, tskValue, tskSeq) values ('pkg_cf3b0087995f4f99a41c93e2fe95b22d|prc_28f6b70603b3465982240da1ff800ea2|14', 'processId', 'prc_28f6b70603b3465982240da1ff800ea2', '2');
INSERT INTO TskTaskDefExtProp (tskObjId, tskName, tskValue, tskSeq) values ('pkg_cf3b0087995f4f99a41c93e2fe95b22d|prc_28f6b70603b3465982240da1ff800ea2|14', 'activityId', '14', '3');
INSERT INTO TskTaskDefExtProp (tskObjId, tskName, tskValue, tskSeq) values ('pkg_cf3b0087995f4f99a41c93e2fe95b22d|prc_28f6b70603b3465982240da1ff800ea2|16', 'diagramId', 'pkg_cf3b0087995f4f99a41c93e2fe95b22d', '0');
INSERT INTO TskTaskDefExtProp (tskObjId, tskName, tskValue, tskSeq) values ('pkg_cf3b0087995f4f99a41c93e2fe95b22d|prc_28f6b70603b3465982240da1ff800ea2|16', 'diagramVersion', '1', '1');
INSERT INTO TskTaskDefExtProp (tskObjId, tskName, tskValue, tskSeq) values ('pkg_cf3b0087995f4f99a41c93e2fe95b22d|prc_28f6b70603b3465982240da1ff800ea2|16', 'processId', 'prc_28f6b70603b3465982240da1ff800ea2', '2');
INSERT INTO TskTaskDefExtProp (tskObjId, tskName, tskValue, tskSeq) values ('pkg_cf3b0087995f4f99a41c93e2fe95b22d|prc_28f6b70603b3465982240da1ff800ea2|16', 'activityId', '16', '3');
INSERT INTO TskTaskDefExtProp (tskObjId, tskName, tskValue, tskSeq) values ('pkg_cf3b0087995f4f99a41c93e2fe95b22d|prc_28f6b70603b3465982240da1ff800ea2|2', 'diagramId', 'pkg_cf3b0087995f4f99a41c93e2fe95b22d', '0');
INSERT INTO TskTaskDefExtProp (tskObjId, tskName, tskValue, tskSeq) values ('pkg_cf3b0087995f4f99a41c93e2fe95b22d|prc_28f6b70603b3465982240da1ff800ea2|2', 'diagramVersion', '1', '1');
INSERT INTO TskTaskDefExtProp (tskObjId, tskName, tskValue, tskSeq) values ('pkg_cf3b0087995f4f99a41c93e2fe95b22d|prc_28f6b70603b3465982240da1ff800ea2|2', 'processId', 'prc_28f6b70603b3465982240da1ff800ea2', '2');
INSERT INTO TskTaskDefExtProp (tskObjId, tskName, tskValue, tskSeq) values ('pkg_cf3b0087995f4f99a41c93e2fe95b22d|prc_28f6b70603b3465982240da1ff800ea2|2', 'activityId', '2', '3');
INSERT INTO TskTaskDefExtProp (tskObjId, tskName, tskValue, tskSeq) values ('pkg_cf3b0087995f4f99a41c93e2fe95b22d|prc_28f6b70603b3465982240da1ff800ea2|2', 'startActivity', 'true', '4');
INSERT INTO TskTaskDefExtProp (tskObjId, tskName, tskValue, tskSeq) values ('pkg_cf3b0087995f4f99a41c93e2fe95b22d|prc_28f6b70603b3465982240da1ff800ea2|9', 'diagramId', 'pkg_cf3b0087995f4f99a41c93e2fe95b22d', '0');
INSERT INTO TskTaskDefExtProp (tskObjId, tskName, tskValue, tskSeq) values ('pkg_cf3b0087995f4f99a41c93e2fe95b22d|prc_28f6b70603b3465982240da1ff800ea2|9', 'diagramVersion', '1', '1');
INSERT INTO TskTaskDefExtProp (tskObjId, tskName, tskValue, tskSeq) values ('pkg_cf3b0087995f4f99a41c93e2fe95b22d|prc_28f6b70603b3465982240da1ff800ea2|9', 'processId', 'prc_28f6b70603b3465982240da1ff800ea2', '2');
INSERT INTO TskTaskDefExtProp (tskObjId, tskName, tskValue, tskSeq) values ('pkg_cf3b0087995f4f99a41c93e2fe95b22d|prc_28f6b70603b3465982240da1ff800ea2|9', 'activityId', '9', '3');

INSERT INTO SwProcess (id, packageId, processId, version, name, status, publishMode, keyword, creator, createdTime, modifier, modifiedTime, ownerDept, owner, encoding, description, content) values ('5e6caf381f26b928011f37cbba6c04ca', 'pkg_cf3b0087995f4f99a41c93e2fe95b22d', 'prc_28f6b70603b3465982240da1ff800ea2', '1', '일반기안', 'DEPLOYED', NULL, NULL, 'admin@maninsoft.co.kr', sysdate, 'admin@maninsoft.co.kr', sysdate, NULL, NULL, NULL, '근태를위한 기안서품의에서 승인자, 검토자 및 대표이사 승인의 결재업무를 통해서 근태이력을 남기고 개인별 근태현황을 작성 및 관리하는 프로세스업무입니다.', '');
